BBS ,2100
BAM ,1200
VSKP,2010
BZA ,3130
RU  ,1360
JTJ ,1600
BNC ,700
DR  ,1100
TNA ,1460
KYN ,2540
IGP ,1050
NK  ,1330
CSN ,450
JL  ,1410
BSL ,2480
PC  ,250
JMD ,40
SHF ,40
DHI ,40
NGN ,210
MMR ,1860
LS  ,210
DVL ,420
KSRA,240
CSTM,1010
JM  ,160
PVR ,160
KMN ,10
KWV ,640
JEUR,190
BGVN,150
DD  ,1170
ANG ,580
BAP ,420
KPG ,720
BDWD,120
MKU ,560
NN  ,230
SEG ,340
AK  ,1130
MZR ,320
BD  ,920
NAVI,50
SUR ,1000
MO  ,100
MA  ,90
BTW ,160
UMD ,200
LUR ,200
LTRR,300
PRLI,260
PBN ,650
PAU ,710
HNL ,260
WHM ,260
CND ,160
DMN ,300
PLO ,270
WR  ,720
NGP ,2430
KOP ,270
RKD ,110
HTK ,160
MRJ ,630
KVK ,90
DLGN,110
SGLA,110
MLB ,80
PNF ,100
GNH ,200
ARAG,20
SGRE,20
JTRD,20
PUNE,2080
KNW ,1250
HD  ,510
ET  ,2620
PPI ,750
NU  ,660
MML ,290
JBP ,1630
GAR ,290
LTT ,1270
HBD ,490
HBJ ,930
BINA,1360
JHS ,2170
ORAI,530
CNB ,2830
LKO ,2390
KPD ,1770
MAS ,1780
DVD ,970
VZM ,1490
KUR ,1910
BHC ,1090
KGP ,1750
HWH ,2300
RPH ,850
MLDT,1090
KNE ,1170
NJP ,1260
NBQ ,940
KYQ ,900
GLPT,370
PSA ,820
PNVL,800
G   ,1030
DURG,1270
R   ,1410
BSP ,1290
JSG ,940
ROU ,870
CKP ,590
PRR ,490
JOC ,190
ASN ,1900
UDL ,430
RQJ ,80
NCB ,740
NOQ ,620
SC  ,1700
KZJ ,1040
BPQ ,1160
LJN ,790
GD  ,960
BST ,780
GKP ,1360
VSG ,150
MAO ,850
SVM ,140
QLM ,150
CLR ,150
LD  ,430
LWR ,220
DWR ,530
UBL ,840
HVR ,370
RNR ,350
HRR ,370
DVG ,490
JRU ,170
RRB ,500
DRU ,300
ASK ,620
TTR ,340
AMSA,60
TK  ,550
YPR ,1430
SBC ,1170
CBE ,1240
ERS ,970
AKP ,700
SLO ,1350
RJY ,1890
TPTY,1110
EE  ,1230
OGL ,1520
NLR ,1520
GDR ,1600
KJM ,810
SBG ,300
PPT ,180
CLG ,240
EKC ,100
GGA ,120
BGP ,560
AKN ,180
SGG ,440
BUP ,340
JMP ,550
DRH ,200
AHA ,530
KJH ,260
KIUL,1340
LKR ,500
BRYA,510
HTZ ,490
MKA ,1060
BARH,600
ATL ,180
BKP ,990
KOO ,380
FUT ,640
PNC ,1180
RJPB,780
PNBE,1910
DNR ,880
KWO ,130
DMRX,80
NAT ,80
KPRD,40
RPUR,80
MSDN,40
UREN,60
DNRE,40
PHK ,200
ANVT,530
GZB ,1710
MTC ,540
MOZ ,440
SRE ,1070
UMB ,2060
LDH ,1760
JRC ,1170
PTKC,920
JAT ,1030
UHP ,270
SVDK,190
BE  ,1620
MB  ,1960
NDLS,2390
DBG ,480
SPJ ,1020
MFP ,1000
HJP ,970
CPR ,1210
SV  ,610
DEOS,700
DLI ,1270
DEE ,620
ROK ,510
JIND,370
NRW ,290
JHL ,390
DUI ,460
BJU ,1310
BKN ,540
NPS ,80
SDF ,60
SDGH,80
RJR ,80
RTGH,160
CUR ,160
SDLP,170
LHU ,100
MHRG,120
RE  ,780
DSA ,340
BTU ,40
SMQL,40
TPZ ,150
RK  ,760
HW  ,660
JU  ,870
RKB ,260
MMY ,60
TIW ,70
OSN ,110
MWT ,40
PLCJ,170
RDRA,150
AQG ,110
SBLT,130
JSM ,150
JUD ,630
CDG ,630
RPAR,120
NLDM,120
BSB ,2010
SLN ,500
SPN ,960
CC  ,150
JAJ ,1050
STL ,170
BTT ,500
JSME,1160
MW  ,170
EKMA,110
DGA ,250
SEE ,710
DES ,90
MNO ,50
SPP ,110
MOG ,70
VPDA,30
BCA ,150
KLD ,560
THE ,40
TOI ,40
POU ,40
RKL ,20
CPJ ,160
MUR ,530
BBK ,780
BNZ ,440
SCC ,80
APDJ,280
APD ,20
TFGN,20
AGMN,20
GKJ ,40
GUP ,40
DBB ,40
RNY ,580
CGS ,60
GHY ,860
JID ,290
CPK ,310
HJI ,310
LKA ,240
LMG ,450
DPU ,430
DMV ,430
BXJ ,160
SZR ,120
FKG ,290
TTB ,60
MXN ,390
AGI ,100
NMT ,60
SLGR,290
BOJ ,80
SPK ,40
BFD ,40
NAM ,80
NHK ,100
DJG ,80
NTSK,290
CHB ,20
DBRG,260
MS  ,870
TBM ,600
CGL ,720
VM  ,940
VRI ,530
TPJ ,850
DG  ,740
KQN ,270
MDU ,770
VPT ,580
SRT ,510
CVP ,540
MEJ ,400
TEN ,500
MBM ,200
AJJ ,1100
SA  ,1540
ED  ,1620
TUP ,1250
CBF ,1090
PTJ ,600
PGT ,1050
OTP ,400
TCR ,1490
AWY ,1210
ERN ,800
PER ,420
TLGP,60
SRF ,60
ANF ,60
SMET,100
SME ,60
BDVT,100
TKE ,100
HAS ,160
HLN ,120
MGF ,40
KRNR,120
MYS ,520
KOJ ,530
DQG ,330
BOE ,680
DGR ,1300
ADRA,440
BQA ,400
VSU ,280
MDN ,360
HIJ ,280
BLS ,1230
CTC ,1400
CHE ,790
NGNT,130
TEL ,890
KTYM,680
TRVL,630
CNGR,660
KYJ ,940
QLN ,1120
KCVL,280
BGM ,390
GPB ,260
KUD ,190
BWT ,700
KPN ,250
TPT ,260
YLM ,300
TUNI,600
ANV ,500
APT ,240
KYM ,80
KVR ,530
NDD ,570
MDR ,310
KMT ,860
MABD,450
WL  ,1360
ZN  ,310
KOU ,250
RJP ,350
NRE ,180
HX  ,440
YA  ,420
MOO ,140
TU  ,360
GY  ,880
GTL ,990
BAY ,320
TNGL,200
HPT ,260
KBL ,240
GDG ,380
COA ,110
CCT ,200
GVN ,290
TDD ,690
GNT ,580
SAP ,260
PGRL,260
NDKD,260
MRGA,300
NLDA,320
HYB ,420
DKJ ,320
PVP ,320
VBL ,320
NRT ,200
VKN ,140
DKD ,180
MRK ,200
CBM ,160
GID ,180
NDL ,200
DHNE,580
ATP ,760
DMM ,880
CLX ,650
KHT ,300
TNKU,190
BVRT,250
AKVD,250
KKLR,250
GDV ,310
PAV ,70
CLU ,70
MTM ,90
KVZ ,380
BPP ,460
BDCR,60
KRA ,60
NKD ,130
ALER,180
BG  ,180
PURI,820
JJKR,930
BYT ,730
BPHB,350
RJN ,560
PAR ,640
BPL ,2320
SEH ,500
SJP ,680
BCH ,440
UJN ,1080
NAD ,1080
SGZ ,390
RMA ,470
KOTA,1620
IDG ,360
SWM ,1270
BNLW,250
DPA ,450
JP  ,1720
FL  ,890
KMNC,240
MKN ,440
DNA ,540
MTD ,710
GOTN,330
BGKT,250
BWM ,400
NGO ,400
NOK ,380
DSO ,180
SBP ,610
BRGA,420
BLGR,420
TIG ,580
KSNG,420
MNGD,400
RGDA,480
PAK ,330
CTO ,450
SRC ,860
CRJ ,880
PND ,470
APR ,610
SDL ,550
NKJ ,50
UMR ,380
KMZ ,370
DMO ,570
SGO ,630
MAKR,200
AGD ,40
GWL ,1420
AGC ,1550
PWL ,250
TKD ,190
NDT ,60
MVJ ,290
KLH ,20
DRB ,20
RPZ ,250
UDZ ,270
AII ,1250
KSG ,680
RNW ,20
RGS ,100
SMPR,60
NMK ,100
DBLA,20
NNL ,100
AEL ,20
GGN ,610
DEC ,660
NRI ,190
NSD ,190
BJNR,230
BHL ,330
CNA ,160
GGC ,490
SMBJ,240
HAN ,330
BXN ,410
BTE ,790
MTJ ,1710
FDB ,730
NZM ,1780
BTC ,70
SMC ,70
CRN ,70
LTA ,70
NWA ,70
NIR ,90
PDE ,90
GNS ,90
SKY ,90
BUQ ,90
HBG ,90
DIVA,230
MNI ,150
KHED,150
CHI ,380
SGR ,100
RN  ,620
ADVI,60
RAJP,80
VBW ,80
KKW ,240
SNDD,140
KUDL,220
SWV ,180
PERN,100
THVM,240
KRMI,180
VEN ,20
VID ,60
KAWR,500
BTJL,300
UD  ,600
TOK ,240
MAJN,590
KGQ ,720
CAN ,920
CLT ,920
TIR ,700
SRR ,1120
ROHA,230
VEER,80
SVX ,60
AVRD,60
NAN ,40
KJT ,720
LNL ,1090
STR ,400
KRD ,340
TKR ,110
SLI ,360
BAND,370
VLR ,120
ARV ,80
PRL ,40
TNM ,110
TRK ,60
PDY ,180
NRL ,30
KAD ,170
TGN ,120
KK  ,170
SVJR,220
CCH ,160
PMP ,100
NED ,720
DUD ,120
GUR ,160
GR  ,670
SDB ,320
WADI,680
YG  ,480
KSN ,160
RC  ,620
MALM,470
AD  ,540
KLU ,100
SSPN,280
HUP ,560
BNCE,240
XXXX,20
HSRA,210
DPJ ,210
OML ,60
RV  ,120
BAU ,540
NPNR,170
KKN ,150
TBN ,150
MDDP,80
BHS ,630
BAQ ,480
LAR ,660
BAB ,250
CGN ,110
AIT ,110
KPI ,130
PHN ,250
BZM ,120
GOY ,140
ON  ,650
BV  ,190
WST ,20
MSB ,340
TDPR,220
CDM ,280
SY  ,260
MV  ,340
TVR ,140
NGT ,100
NCR ,60
KIK ,60
SEM ,240
TDU ,340
BMT ,360
SPT ,370
IPM ,270
CAP ,390
BALU,630
KRR ,500
DEHR,80
ALN ,10
JJR ,70
NIRA,70
LNN ,70
WTR ,70
KRG ,70
KOV ,110
BVQ ,70
JSP ,90
VV  ,90
GPR ,60
KJ  ,20
CKHS,20
MHPE,20
CHOK,20
KEM ,80
HG  ,210
AKOR,60
NW  ,150
SADP,140
MTU ,40
KO  ,60
KGL ,40
NRR ,40
RLO ,60
KDP ,180
KKM ,120
PUT ,200
TRT ,190
TRL ,350
RMP ,50
TAZ ,50
MSR ,50
SIW ,10
GRMT,10
NMGT,10
VRB ,10
IDR ,140
NBL ,110
BJP ,240
KTE ,1390
MYR ,790
STA ,1380
MKP ,810
ALD ,1970
ALY ,250
GYN ,320
MUV ,250
BCY ,270
ARJ ,410
GCT ,300
BUI ,580
LSI ,240
MAU ,490
BIR ,10
MDVR,10
NDE ,10
BPF ,130
SGP ,150
BVNR,30
KY  ,230
SRID,250
JSV ,30
SHR ,330
JTW ,140
ABLE,10
DBR ,150
SRJ ,210
JSR ,30
URI ,380
KDG ,150
NYN ,280
PRG ,270
PFM ,230
PB  ,260
SYC ,30
PLP ,170
URPR,70
YL  ,100
BYHA,10
JNH ,380
SQN ,70
SAW ,140
MOF ,70
BOY ,370
PRF ,110
KEH ,60
SWPR,110
CHH ,60
JKN ,110
DLR ,130
IAA ,210
BLTR,210
LRD ,130
SEGM,670
SRU ,150
TGP ,20
SNI ,90
AJNI,170
ITR ,150
KP  ,160
BRD ,380
TMR ,300
TRO ,160
VNA ,70
CJ  ,40
MLMR,620
SRGM,270
AWB ,500
J   ,480
KNVT,100
ADB ,100
MJRI,150
NRKR,290
AMLA,460
BZU ,840
GDYA,430
MGS ,2330
BBU ,550
SSM ,570
DOS ,650
GAYA,1000
KQR ,630
PNME,490
DHN ,1020
SED ,20
UGR ,40
CNC ,40
RBG ,100
CKR ,40
GKK ,40
SUL ,10
KNP ,60
ADI ,2550
ND  ,1430
ANND,1690
BRC ,2980
BH  ,1270
ST  ,2670
NVS ,650
VAPI,1320
BSR ,940
BIRD,320
MAY ,70
JNU ,420
SHG ,530
KRND,160
SMZ ,130
AMH ,260
ZBD ,200
MMA ,180
BFJ ,20
RM  ,20
MWK ,20
BRVR,20
MHAD,20
SAV ,20
NB  ,20
TLV ,60
CAER,100
BNI ,40
ODG ,120
SCI ,100
GLG ,90
MABA,190
DUA ,110
JLN ,80
TBT ,100
BZY ,50
DAA ,340
SOR ,50
DBA ,350
MRA ,550
DHO ,390
RKM ,550
KSV ,250
BVH ,270
SZM ,360
BHD ,30
NUR ,120
SNP ,370
GNU ,150
SMK ,150
PNP ,820
GRA ,80
KUN ,480
TRR ,60
NLKR,40
KKDE,490
SHDM,100
UBC ,410
RPJ ,590
PTA ,150
NBA ,150
MET ,190
AHH ,90
PHR ,370
GRY ,110
PGW ,760
JUC ,900
BEAS,780
JNL ,120
ASR ,820
KRE ,160
RDDE,10
ANDI,50
BHLP,120
YFP ,200
SIP ,280
MCRD,20
MTDM,20
TMV ,320
CHSM,60
ATU ,60
ETP ,20
VGE ,30
APN ,20
SXT ,40
PBH ,510
AME ,470
RBL ,590
FD  ,610
MRPR,150
HPP ,150
MBA ,180
BNDA,210
ATE ,190
CKTD,210
KYE ,240
GAJ ,80
PHA ,210
BNU ,90
UHR ,190
UDGR,160
KMNR,60
BHLK,140
BIDR,180
SIR ,480
KNN ,310
TDO ,180
DZA ,270
MEX ,250
KTHU,620
SMBX,280
VJPJ,180
HRNR,130
COI ,550
MZP ,1450
VRL ,140
KSD ,140
JND ,140
NUD ,80
GDL ,160
RJT ,790
WKR ,510
SUNR,780
VG  ,1020
BL  ,1140
DRD ,370
MAN ,400
LUNI,480
PMY ,390
MJ  ,860
FA  ,770
ABR ,930
PNU ,960
MSH ,890
CLDY,150
SBT ,180
BHUJ,160
AJE ,100
AI  ,120
GIMB,340
BCOB,260
SIOB,340
DHG ,200
BDL ,490
CAR ,370
KEI ,250
GOK ,100
KT  ,230
HNA ,150
MRDW,140
KUDA,260
MULK,100
KZE ,400
PAY ,440
TLY ,600
BOR ,380
GDA ,560
DHD ,680
RTM ,1270
MKC ,590
SFY ,240
BRRG,260
RTA ,340
GUNA,500
SVPI,180
CBK ,120
BVI ,1200
BDTS,810
KOAA,630
BP  ,120
BWN ,1520
MDP ,1090
ARA ,800
BXR ,840
MOTH,100
BWR ,60
NEW ,80
BTX ,40
KLAR,110
KHU ,70
BTKP,40
BRG ,40
DSS ,330
KRBP,160
DOL ,160
BNR ,100
SAI ,20
DDA ,80
BTK ,60
BHTR,140
GB  ,130
SWA ,110
MSW ,140
CLJ ,140
BUW ,120
PMN ,20
LLR ,40
INDB,680
MGG ,60
DWX ,660
NRGR,60
ANKX,360
RGO ,260
LSR ,260
PTU ,320
SELU,320
BMF ,120
KATL,270
MTY ,230
BUDI,140
MLGH,80
COR ,460
JOB ,210
KKU ,100
MUE ,420
UMRI,180
DAB ,200
BSX ,420
NZB ,410
REWA,180
KTES,120
BRS ,230
BUH ,230
KTMA,140
BJRI,150
BRH ,60
KTO ,60
BSPR,60
ABKP,60
GRO ,20
SQL ,20
BGTA,60
GMD ,20
BKH ,60
SCKR,60
BNE ,20
KKB ,20
BMR ,20
BHTN,20
BRGT,20
DOE ,60
GSPR,80
REI ,50
SYA ,50
MKRN,90
NOI ,50
JRK ,50
KAH ,70
BET ,40
SMT ,70
NRPD,20
PKD ,120
GBD ,200
DBU ,110
YNK ,430
SNF ,100
LPI ,290
SKP ,160
VKB ,440
NAW ,60
KQT ,80
MQR ,140
CT  ,220
NSL ,280
MVO ,260
BOKR,40
HEM ,80
SHSK,60
PMKT,30
LNT ,20
KAYR,20
WANI,20
WRR ,150
HGT ,340
AMI ,110
TVL ,80
BSRX,100
LMT ,120
BGK ,180
GED ,60
BDM ,120
HLAR,80
MLP ,40
BLR ,40
HBL ,40
NGR ,170
KHBJ,40
BEHR,80
MWJ ,40
SGAM,40
SGRL,190
OBR ,130
CPU ,290
RNQ ,160
DXN ,100
WDM ,100
NUQ ,120
GHQ ,120
GHD ,330
DTO ,310
BRWD,230
CPDR,40
LTHR,220
TORI,220
MGME,40
KLRE,130
RAY ,90
PTRU,150
BRKA,260
RRME,40
CNPR,40
GMIA,60
BKRO,40
BRMO,40
PUS ,80
BHME,40
CRP ,360
KTH ,140
KMME,140
ULT ,130
RNG ,480
BRR ,180
OKA ,90
DKZ ,190
SSB ,310
BGZ ,330
SFM ,150
SAG ,270
SBD ,60
UDR ,80
NDB ,620
SMNH,60
MLHA,100
JLR ,120
VRR ,100
BKNG,140
THAN,210
MHD ,260
DRL ,100
MGN ,420
KUH ,310
TAN ,150
KSH ,160
AKD ,190
KPP ,190
PRB ,90
BIH ,440
MFQ ,20
VST ,20
NWB ,20
BRGW,20
MNV ,200
ASKN,280
SFW ,80
JKE ,130
ETW ,610
TDL ,990
ALJN,750
KLK ,270
BCT ,430
AWR ,600
ANVR,790
DDN ,360
BKSC,560
MURI,670
GATD,270
RNC ,620
GTS ,170
TATA,960
SINI,200
CBSA,60
DPS ,80
NOMD,40
BJMD,60
BBN ,60
JMT ,250
JMU ,390
GADJ,520
AF  ,520
TUN ,230
KGM ,160
HDW ,160
LKU ,220
RUPC,180
RMU ,650
DKAE,110
BHP ,630
NFK ,690
JGN ,40
MOGA,40
MSZ ,140
BTI ,500
TKJ ,300
DBD ,260
SASN,140
KART,40
ANSB,100
UHL ,80
MRND,50
PTNR,30
JTTN,40
RIG ,450
KHS ,200
SKT ,180
BUA ,100
CPH ,480
NIA ,190
AKT ,250
TLD ,310
DGG ,420
JER ,320
SORO,180
FK  ,350
AFK ,440
SRTL,290
ALLP,490
VAK ,530
TVC ,860
SPE ,330
BDJ ,500
MVLK,380
KMU ,240
TJ  ,300
IGU ,20
NR  ,110
SNSI,220
BYNR,240
SL  ,180
BRZ ,60
BLZ ,120
MAUR,120
GNA ,60
GJUT,120
KKP ,140
FDK ,140
FZR ,180
BPK ,20
SNN ,20
NGI ,20
CKNI,20
BUX ,50
TAE ,20
CD  ,700
BUPH,20
GNVR,20
NHH ,360
MFKA,220
MSMD,280
KRAR,280
KBJ ,320
BUDM,120
SBPD,240
ANGL,430
TLHR,110
DNKL,410
NRG ,150
JEP ,10
NMP ,210
GKL ,30
TMT ,20
GMO ,500
KID ,40
PNK ,180
RURA,160
JJK ,170
PHD ,240
SKB ,420
FZD ,400
CAG ,120
BAZ ,180
ATH ,80
CKB ,100
ISA ,110
MJG ,90
KRNT,500
GWD ,400
MBNR,480
KCG ,550
MJF ,240
RDM ,700
SKZR,820
IDH ,200
AH  ,330
NBI ,120
KL  ,120
MURD,100
BKI ,590
DO  ,500
GTJT,80
BDWS,40
KLRS,50
ANKL,100
BIJR,40
SHC ,120
SBV ,120
KGG ,600
BGS ,500
HRI ,740
BLQR,100
LRJ ,670
BMKI,200
SGL ,220
BTH ,180
NKE ,180
RNN ,40
SUH ,30
LPNR,30
GNC ,60
MLPR,190
ABP ,390
AY  ,420
RDL ,260
HPU ,620
DPR ,150
NGG ,150
NBD ,420
JUDW,210
MRHT,80
KIR ,760
SNL ,40
CAF ,20
MME ,20
NAB ,40
WSA ,40
SNV ,40
KRBA,70
GPT ,20
CGY ,300
SDAH,540
DDJ ,190
BRAG,60
ATMO,80
DSNI,40
BAE ,20
WJR ,180
AUBR,350
FTP ,330
HZD ,240
HRS ,250
KRJ ,300
CNDM,80
FBD ,260
KSJ ,200
PAN ,250
JOP ,240
BTA ,240
BEA ,240
RPR ,160
DURE,320
DLN ,410
GKH ,200
MNAE,70
OYR ,90
STN ,190
ABFC,20
BLK ,50
MOP ,20
JPG ,60
HDB ,60
KQU ,80
PNE ,180
AMP ,230
SNT ,390
MNP ,210
BSQP,140
PWS ,140
JAIS,190
PKR ,470
HCR ,170
JHD ,160
PKA ,40
DAKE,140
KPK ,50
RFJ ,170
NH  ,470
BDC ,900
RGD ,70
SILO,20
NLD ,70
POE ,70
BEHS,70
WENA,40
HRT ,40
GMR ,180
GRRU,130
KTQ ,180
CDMR,70
IPR ,40
EKR ,40
HIL ,40
DNWH,40
ZNA ,240
SFG ,60
JAB ,60
AGA ,80
GDO ,20
DEEG,20
NMDA,40
RHG ,190
KRH ,330
GHH ,110
MEP ,110
VMA ,240
CMU ,150
SVA ,150
GOH ,90
DBRT,40
NNA ,500
HLZ ,40
TMZ ,180
PKU ,250
RMJK,20
KURJ,60
BNN ,190
GDB ,150
MOT ,150
ABS ,170
SGNR,170
KESR,20
SRW ,20
GJS ,20
RSNR,20
JES ,20
SOG ,180
LKS ,160
LGH ,200
PSV ,40
PM  ,90
BWSN,10
PTRD,210
DKNT,90
LKE ,200
NAC ,170
PPR ,70
SBR ,130
MDW ,80
REN ,60
GCH ,40
BLM ,290
ADH ,260
HAPA,540
JAM ,470
RANI,260
JWB ,180
AKV ,730
SPZ ,110
TAPA,160
PUL ,170
JBN ,40
FBG ,40
ARQ ,40
PRNA,40
SI  ,40
SRI ,40
RGJ ,40
KAJ ,40
RDP ,40
SMR ,160
MKSR,80
JOR ,80
MON ,80
MBNL,80
RNV ,80
DQN ,80
BLDI,120
DDR ,230
MINJ,30
SMTA,20
DLO ,140
KDPR,320
GHX ,60
JPE ,170
MNE ,310
BPRD,240
BPA ,370
MCI ,500
WKI ,310
IJK ,340
CKI ,360
AMPA,200
HAD ,200
KPY ,330
TVP ,180
NDAE,250
KWAE,250
AZ  ,290
KDKN,30
ROA ,20
KGLE,180
FKM ,170
JLD ,160
USL ,230
CAI ,40
HIR ,100
BUG ,160
BER ,420
DSJ ,60
NNO ,140
BNW ,160
HSR ,180
DMG ,30
MTR ,100
MAI ,80
CAA ,140
PNYA,50
SBZ ,120
JYG ,160
MBI ,160
SKI ,160
HYT ,120
KGI ,320
MYA ,380
ZPL ,60
PTB ,240
KTU ,340
TA  ,180
PGI ,320
QLD ,300
MAHE,260
PAZ ,140
CHV ,200
NLE ,180
MAQ ,420
MJS ,70
NYP ,200
BTTR,240
SKM ,270
NDO ,250
VNUP,140
ALU ,270
LLI ,40
GOC ,30
PDKT,160
KKDI,160
SHU ,90
AB  ,250
MCN ,40
GYM ,150
VN  ,220
MLO ,100
DKN ,30
WFD ,110
CNO ,100
BKJ ,60
TRTR,140
AVD ,30
VARD,100
SDN ,110
VLY ,230
NCJ ,470
CAPE,180
MPA ,60
ABI ,20
UDN ,380
VYA ,190
DDE ,160
AN  ,400
SHM ,260
TTL ,20
SVKS,20
SVPR,20
RJPM,20
SNKL,20
PBKS,20
KDNL,20
TSI ,20
SCT ,20
GHNH,20
RQP ,60
JMKT,150
MTP ,40
MAP ,140
DSPT,30
CRLM,80
SGE ,60
BQI ,90
URL ,180
MMK ,70
TMQ ,80
KDU ,100
MVN ,80
TME ,60
TN  ,100
KZK ,130
MAG ,180
GNP ,120
VDE ,60
KDM ,200
NZD ,100
NMH ,250
MDS ,250
KMC ,330
PDPL,170
SANK,10
HSD ,50
NRP ,160
PAP ,210
PIL ,100
KCI ,60
MPL ,100
MCU ,60
KRY ,100
VKI ,180
CTYL,70
RMNP,70
BN  ,110
HNMN,30
DWP ,250
NRDP,40
KRMR,20
LGDH,30
STPD,30
SRNR,70
MAGH,40
BTBR,20
MLY ,180
JCL ,160
BYPL,100
UR  ,60
SHNR,120
WPR ,60
OBVP,80
PNW ,70
PRP ,120
SCM ,280
PVPT,250
SPRD,180
THV ,180
AMB ,200
NRLR,180
RPRD,180
HSK ,100
BGBR,140
BRJN,200
HTE ,320
SUA ,20
JGM ,140
CKU ,140
RHE ,60
BJE ,100
VAA ,20
MHQ ,40
JAA ,180
BLDA,120
BTS ,80
DNM ,40
GMDN,20
SLB ,120
CDGR,140
GBA ,120
ODM ,80
JPH ,100
ANR ,170
SSN ,20
SBPY,100
TLHD,340
BIY ,90
MID ,90
NWU ,130
SNK ,100
DXG ,100
AGN ,140
BPH ,120
BMB ,250
GP  ,290
MCA ,230
MCS ,160
KASR,20
DEG ,20
SIL ,300
NWP ,180
CPP ,180
KAPG,120
KIT ,140
DGHA,160
AJU ,20
KGB ,170
BIG ,140
AAL ,190
BYL ,170
SLH ,60
ULB ,140
KATI,140
RMRB,40
CNI ,210
BBM ,170
VT  ,10
GUD ,40
RKSN,200
SWR ,100
GOL ,130
MOU ,160
BNDM,160
GPH ,120
BEH ,120
RGL ,150
HKG ,100
BRPL,140
SFC ,70
RMT ,110
RBGJ,120
BHKD,30
GNG ,280
MXK ,20
JPL ,120
NBG ,120
CJN ,80
SNTD,60
BGY ,20
BPO ,20
KCV ,20
BTQ ,20
JOL ,20
JRG ,20
TKH ,20
ROP ,60
HIP ,20
MKO ,40
MRDL,40
BONA,230
RAIR,270
LSX ,50
PLG ,260
MUT ,170
PBR ,140
LPJ ,60
KMBL,300
DWK ,300
OKHA,300
SBI ,360
UJA ,260
BIM ,220
AML ,130
MRL ,130
SCH ,90
VS  ,70
VR  ,130
CNBI,10
BVC ,160
SGD ,140
DLJ ,170
BTD ,200
JVN ,340
NGA ,60
ALMR,60
UJ  ,60
SOA ,60
WC  ,70
LM  ,90
SOJN,140
VTJ ,60
BVP ,80
DAS ,20
LMO ,20
SVKD,20
RLA ,20
MHV ,20
WSJ ,100
UA  ,20
DISA,80
DEOR,40
RDHP,60
SNLR,40
THDR,80
BMI ,120
UNL ,50
KIN ,90
JHW ,120
RUR ,60
CHZ ,90
CHP ,70
SOH ,330
SOD ,140
FAN ,90
MDL ,20
GBP ,20
JAO ,150
BSE ,110
BCN ,270
ROZA,200
VDS ,220
GHR ,210
MKB ,110
MOR ,140
GZH ,120
NEO ,80
SDE ,100
KWR ,80
KUA ,80
BYN ,100
BRE ,90
SRO ,90
KGA ,90
BKO ,50
ULD ,50
BNT ,180
JGR ,40
BDN ,20
CHJ ,90
AST ,50
FDN ,30
JNA ,70
UCA ,70
DHPR,30
DSB ,30
SNX ,40
SRP ,100
CGR ,110
KTW ,60
PSB ,90
TKN ,70
JHN ,80
PES ,20
SEB ,190
DGO ,120
KMS ,90
SYJ ,80
BTP ,120
KSF ,80
JLL ,140
KS  ,100
BWI ,40
GGJ ,210
ACND,130
SLW ,90
DYD ,190
SGJ ,50
SAN ,240
AJI ,150
TLH ,180
PMR ,160
NRS ,60
SEO ,110
JWP ,130
RWL ,140
DWO ,100
BDH ,40
MLV ,100
NHT ,170
MRR ,150
RJG ,80
TDLE,40
SHE ,120
MGAE,40
SDI ,40
DKGS,60
NAZJ,40
UJP ,50
KPGM,80
GRL ,80
NYO ,60
KPS ,10
DDP ,20
CW  ,30
ZRDE,60
KEMR,30
HLDD,40
RNPR,80
TGA ,40
DUBH,20
SIHO,20
SLT ,20
NRPA,20
RGH ,40
RXL ,140
STJT,10
BHW ,260
TPH ,140
SRY ,20
SHK ,40
KSC ,20
WRS ,40
NWD ,40
TIA ,20
WZJ ,20
KML ,100
JNR ,100
SMI ,160
BGU ,80
CNS ,80
KAN ,60
MUW ,60
TWG ,80
CSA ,140
BWH ,120
DHA ,20
SLD ,80
KCA ,20
VYN ,40
BRPT,10
PDRD,20
SIQ ,10
SKN ,80
HRPG,40
KEPR,70
LBA ,120
SHNG,10
AKJ ,60
HGH ,80
AMG ,140
AO  ,220
CH  ,280
RJK ,130
GVG ,110
DDL ,40
SOP ,10
UKA ,20
PAW ,40
DUJ ,20
SURI,200
EKI ,80
GZO ,60
BNDP,60
BLGT,60
MZC ,80
SVRP,60
RHA ,100
KNJ ,100
BTY ,100
DEB ,60
PLY ,100
REJ ,60
BEB ,100
BPC ,100
CSZ ,60
MBB ,100
JJG ,100
BQG ,80
LGL ,100
AYRN,40
STLR,40
STW ,100
DAKA,40
GEDE,40
BNXR,130
KLP ,40
TLJ ,40
SLJ ,20
BKSL,40
SBO ,80
MPY ,40
DRTP,60
HDE ,40
KRS ,60
CTR ,20
JGD ,40
MMD ,40
GRD ,40
BFM ,100
RDUM,80
KNHP,40
BKG ,80
ARW ,30
KYT ,20
GAE ,10
JIA ,10
MNF ,80
UND ,10
MJA ,130
KCN ,10
BMU ,20
MRE ,30
SYWN,30
MNJ ,40
BDNP,10
SJT ,40
RUB ,10
MWH ,10
KBN ,10
BRN ,10
JLS ,60
SNS ,10
KLA ,10
SOM ,10
DAR ,10
SKQ ,10
CHL ,50
WAIR,10
DKDE,10
DER ,20
SBB ,250
TKBG,30
MMKB,10
PAIL,10
RSR ,140
ABKA,150
SALE,150
BZLE,90
JRLE,130
NILE,110
DGLE,110
SM  ,170
BKRD,70
AZR ,140
DLK ,290
AUB ,240
NMX ,60
FLK ,100
GDX ,20
SGUJ,210
NMZ ,160
HSA ,100
HOJ ,20
GJD ,50
GAP ,20
MLD ,80
CBJ ,40
MIL ,90
KNT ,80
BEK ,10
MZM ,90
CNK ,40
BLW ,30
RSI ,40
SJNP,60
CKDL,60
OMLF,20
ADF ,20
MANG,20
DOTL,20
DLPH,20
GRMP,40
MLNH,20
RMPB,20
MKRH,20
LAV ,100
SMO ,120
CRR ,160
KUE ,140
THB ,190
NNR ,120
MSK ,120
KFA ,60
CPA ,260
KJN ,220
FGR ,100
HTC ,180
RJA ,80
TPF ,40
KJI ,60
PDW ,60
RBZ ,40
NNW ,110
BAKA,20
BHLE,20
PNSA,20
DWLE,20
HPLE,20
KKTA,20
TETA,60
SUD ,60
KWE ,40
KTRH,40
LKN ,120
RJO ,40
HTZU,80
BNV ,80
PPTA,40
ADTP,100
KND ,110
BURN,170
GMH ,60
SDBH,20
PEH ,20
SDMD,20
JRI ,10
TET ,40
CCK ,20
MIH ,20
BLG ,10
PTH ,20
RAA ,110
CHA ,20
DOA ,80
BZG ,20
NRM ,20
NRO ,20
MQS ,20
LNK ,60
MXH ,60
MWX ,50
TEA ,140
KRLR,60
KRSL,40
SKTN,40
CUK ,100
LUSA,70
KCKI,20
URD ,100
MDJ ,100
HDN ,100
ANH ,100
BELA,60
MDE ,70
PPN ,50
GBX ,50
BANO,80
NXN ,60
ATS ,60
KTV ,170
GLP ,110
CJM ,130
SLY ,40
TUVR,130
MAKM,80
JRA ,50
PLJE,40
GMAN,50
CDRL,10
KTJ ,40
ATT ,20
RUSD,60
PMU ,20
ATNR,20
BAGL,20
DRI ,20
GJH ,20
CI  ,60
MBS ,50
AMRO,440
PKW ,310
CHTI,30
CWA ,110
PUX ,50
JNO ,50
NVG ,50
HSX ,20
BPRS,20
UCB ,10
MRTL,20
KNDI,10
PTK ,170
MDPB,40
CHNR,40
BBMN,80
LHA ,90
BAT ,90
DHW ,70
GSP ,90
GJL ,220
MNDR,70
CPS ,70
HLDR,70
BJO ,70
JMK ,40
KWM ,100
DGU ,40
NLV ,60
BJF ,20
BNGN,40
GOGH,60
DKT ,10
BJ  ,30
BBA ,40
RG  ,20
KAP ,30
GHJ ,40
BGQ ,40
MNQ ,40
BSC ,60
FYZ ,10
KJY ,30
BARL,30
DND ,70
ANTU,130
KCJ ,40
HCP ,160
KHNM,140
UCR ,140
NHN ,110
FHT ,20
HDL ,20
KEA ,40
NGB ,20
PQN ,120
LMN ,100
RMC ,70
LGO ,100
GRMR,100
JPD ,20
DMW ,20
LLJ ,20
RRS ,20
TQA ,20
BQP ,20
VVB ,40
PSE ,30
SFH ,10
JRR ,10
ML  ,10
KKJ ,40
DIL ,40
RBD ,40
UTA ,20
DLQ ,20
BGH ,50
MST ,20
KAR ,20
KUF ,20
BEG ,20
TDP ,20
AIG ,20
KH  ,20
BTRA,40
MK  ,40
BLPU,80
TSA ,30
RYS ,30
GMS ,150
RMM ,160
RMD ,160
PMK ,160
MNM ,200
SVGA,140
DKO ,140
CUPJ,180
PLS ,60
RHN ,20
ALJ ,10
KPV ,140
GWS ,20
RMR ,120
GRX ,20
CIL ,70
MFL ,50
FTG ,70
HRW ,20
SWE ,40
MEM ,40
BTJ ,40
VPO ,40
JGJ ,40
TLKH,40
BANI,40
RUM ,40
GANG,40
KVG ,40
SAGR,40
KKAH,40
MLJ ,40
UTR ,40
PFR ,100
KHRJ,80
MKH ,70
HDA ,80
GLTA,30
TL  ,60
HVD ,60
MALB,140
MPH ,40
DUB ,80
BTO ,40
CSB ,20
MINA,40
MDNR,190
MCQ ,40
AGY ,50
SKGH,50
MQX ,40
BCU ,80
HZR ,20
GLH ,20
BHDR,10
MOM ,10
KAT ,110
KLNK,40
BWK ,40
HNS ,40
STD ,40
ADR ,20
BHT ,20
DING,20
SSA ,60
KNL ,40
RMN ,20
FGSB,20
BSPN,20
KRLI,20
GANL,20
NNGL,20
MTPR,20
AADR,20
BTG ,40
RBK ,40
KEG ,40
AFR ,40
SMBL,60
NSU ,30
BPZ ,40
RKSH,40
VRH ,20
GHGL,60
QSR ,20
PRI ,10
IKK ,10
MOTC,30
GZN ,80
MUD ,80
TRS ,40
KKHT,40
SAA ,60
BANE,40
BLT ,100
BUT ,80
UTL ,40
BME ,100
KIP ,10
BWL ,50
HSI ,50
BU  ,90
POK ,40
SKF ,20
RMB ,20
TLC ,20
SUJH,80
LAU ,80
DIA ,80
CTKT,60
SOS ,60
KLL ,80
BJR ,20
BLU ,20
KLJ ,20
LHLL,20
KHRK,20
BMLL,20
BNWC,20
BRW ,20
MKS ,20
LKW ,20
FKA ,20
SID ,240
STSN,10
BTIC,30
SGF ,80
MBY ,120
DABN,80
SGRA,120
MNSR,80
HMH ,160
PGK ,160
MHJ ,140
DHRR,80
MBF ,20
HDK ,20
SANR,30
KHM ,20
GKC ,70
SRNT,50
SDT ,60
KER ,40
JTB ,30
MHH ,80
GTNR,90
LC  ,160
SIPR,10
KTRR,30
PTRE,30
GTM ,50
HAR ,30
BSZ ,30
RGU ,50
ICL ,30
SWC ,30
MDB ,30
AMS ,10
TIM ,50
SGBJ,20
BRUD,20
KSX ,100
BC  ,40
IZN ,60
BPR ,60
BHI ,20
KHH ,20
PBW ,20
PEP ,50
PPC ,50
KMJ ,20
CHR ,30
RTP ,40
DHE ,40
MFJ ,40
CBN ,20
KMDR,10
NDJ ,10
CHD ,150
MND ,20
KCT ,20
MJL ,20
BRU ,20
KZA ,40
GH  ,30
TSF ,20
MMB ,20
BVN ,20
SPC ,40
PBE ,60
PP  ,50
MLN ,50
GK  ,30
LMP ,30
STP ,30
DAL ,60
ASH ,50
MJZ ,20
KHMA,20
CKK ,20
BNSA,20
TPU ,20
PDR ,20
BRK ,20
RS  ,20
NNP ,20
MIN ,20
BIC ,20
TQN ,20
BXM ,20
PLK ,20
BIK ,20
BRY ,20
PSR ,40
SKJ ,80
NNGE,40
BXP ,60
KXL ,20
NCH ,40
LXA ,20
TSK ,20
MJN ,20
DBY ,20
MRG ,20
LEDO,20
GLGT,20
NMGY,20
KUTI,20
BLPR,20
RNGG,20
BBGN,20
BLMR,20
RWH ,20
CMA ,20
SRTN,60
GVR ,20
TNL ,40
ULG ,40
MJBT,20
NMM ,20
RPAN,60
DKGN,20
DKJR,20
VNE ,20
GPZ ,20
TBH ,20
HMY ,40
GMTO,30
NHLN,40
BDAG,10
KAMG,40
CLD ,10
MVI ,40
KKA ,20
POT ,20
TBR ,20
TKG ,40
GAGA,20
ADQ ,20
NAK ,20
BORA,20
BZN ,80
BSI ,20
TPK ,20
SPX ,20
JPZ ,20
SCE ,20
NGAN,20
AONI,20
JKB ,20
SHTT,20
KOK ,10
MKPR,10
KSP ,20
TLWA,20
DMGN,20
SQQ ,10
SBE ,20
PBL ,20
TIHU,20
AVN ,20
BID ,160
RMGM,220
CPT ,210
MAD ,190
PANP,160
RECH,30
SRUR,30
CJL ,30
QRP ,90
BZO ,30
EKM ,80
CTND,60
KAL ,20
MMM ,100
PBM ,20
PML ,100
SDNR,20
SVV ,20
NZT ,20
KZB ,20
ANY ,20
KZY ,20
TCN ,20
TLM ,20
CBU ,20
VI  ,20
PNDM,50
KON ,20
NNN ,100
AAY ,60
VRLR,30
ERL ,120
KZT ,160
NYY ,140
CRY ,220
KVU ,160
PVU ,220
PNQ ,190
GUV ,40
PEM ,60
KKPM,20
TPTN,20
NMJ ,80
MQ  ,80
PRT ,40
VDL ,60
KTM ,40
ADT ,60
VLNK,40
BAL ,80
TP  ,60
KLT ,60
PGR ,120
KMD ,80
UKL ,30
IPL ,70
NG  ,20
MWM ,100
S   ,90
KMSI,20
CTA ,60
TRB ,20
PLI ,10
JPM ,10
TPE ,10
KLPM,20
TDN ,40
PCV ,20
KGD ,10
DINR,80
PVRD,120
ETM ,40
CYN ,20
MYY ,80
MNTT,20
STKT,120
PUK ,80
TUA ,40
VLI ,70
PYOL,40
PDD ,40
KPQ ,180
MQO ,40
PGTN,20
TKQ ,40
BFR ,30
KQK ,60
KMQ ,80
VPZ ,20
CQA ,20
AAM ,20
PKQ ,20
MLTR,20
TUV ,20
VNB ,20
NIL ,20
RASP,60
NMKL,60
PASA,100
SKLR,60
SBHR,60
KBPR,60
BNTL,60
YDM ,30
DAVM,20
KZTW,30
PYD ,30
ZB  ,160
SHV ,50
MYK ,40
PCH ,20
SVHE,80
KGX ,20
BNP ,60
MRB ,90
JOA ,60
DRR ,40
HLKT,40
VAPM,40
MQU ,40
ELM ,20
UAA ,20
ULL ,20
NPK ,20
MPLM,20
PLMD,20
KN  ,20
MMH ,10
APK ,20
KBM ,60
TIU ,60
PDU ,60
AL  ,140
MED ,100
MXT ,40
FM  ,40
BDVL,30
TMX ,40
HBLN,20
SBBJ,40
MUGR,40
BTPD,40
TPY ,40
CMW ,40
GHPU,40
PCZ ,40
OEA ,40
RVKH,40
AKE ,80
MZL ,80
BMO ,110
PDKN,80
NBR ,80
RYP ,20
KI  ,60
YP  ,40
BKL ,40
GLA ,60
KCC ,90
SRGT,60
BMH ,140
NS  ,100
PKO ,100
VVM ,80
KCD ,80
TLU ,80
BEY ,80
PDL ,60
MKR ,80
RGP ,60
PQL ,40
HSP ,20
OPL ,20
BGSF,20
PTKP,20
KOLR,20
KYOP,20
RGPM,20
PPZ ,20
MMZ ,20
ASAF,20
MKDI,20
WIRR,20
VHGN,20
PRH ,60
BMD ,80
VMD ,60
KVM ,60
GVL ,60
NUJ ,20
BVRM,80
MDVL,40
BYD ,40
KJG ,40
YLG ,40
YPD ,60
VDD ,130
TGU ,30
TNR ,80
ANB ,80
VTM ,100
DIG ,80
PVD ,40
PBP ,40
RAG ,40
BHBK,20
TSR ,50
PMT ,60
NKP ,100
BSDP,80
KUU ,80
GNGD,40
CLKA,100
RBA ,40
GAM ,80
MMS ,40
PUN ,20
DUSI,20
SGDM,20
GVI ,20
NPD ,100
BVL ,50
MPU ,50
GWV ,40
WDR ,40
GPD ,20
ANK ,100
TR  ,60
PSD ,50
KAJG,50
POZ ,60
DLB ,60
MKDD,80
BDU ,80
KEK ,80
DSPN,20
BZR ,80
PPO ,60
KLG ,60
KXN ,80
TKRI,60
LKMR,60
DMNJ,60
KRPU,100
JYP ,80
JDB ,80
PS  ,20
SKS ,60
BQR ,60
BIA ,80
DBEC,60
DNN ,30
ORGA,40
PKF ,60
NKM ,80
TIS ,60
MOMU,40
CHKE,40
BAW ,50
GTST,10
MHT ,20
ROI ,20
ANDN,40
NTV ,40
DRZ ,20
BXA ,20
GDZ ,20
RSA ,20
MXA ,20
BLAX,40
UDM ,40
KDHA,40
VRG ,40
ADTL,40
DDCE,40
SNRR,40
NWR ,40
JLW ,50
RPD ,90
KKI ,110
NRZB,130
CLF ,80
JTI ,110
NIQ ,80
VKR ,80
HRB ,80
KOI ,80
BHTK,80
KGS ,80
TGQ ,80
SLKR,80
KLTR,80
GTK ,80
SNGP,100
LMNR,40
DWG ,50
MZH ,120
DRSN,120
HRV ,120
BATL,120
BRND,120
MDGR,90
PRDL,90
BJQ ,30
CHRM,90
SMRR,30
ISH ,30
LDA ,30
GW  ,30
ANA ,30
KYX ,30
GEA ,30
SAO ,30
BQQ ,30
HDU ,30
VYK ,30
LOA ,30
GGT ,30
BDWA,50
SBRA,60
HN  ,60
BAO ,30
JMV ,30
BCRD,30
BXY ,30
HRG ,30
IKR ,30
KUX ,30
GNW ,30
DRLA,10
GUH ,10
GAD ,10
URGA,10
SRBA,10
MWRN,10
KTHD,10
BPRH,10
KPNA,40
KTSH,40
JRMG,50
GTW ,50
UKR ,40
NPRD,40
DTL ,40
NGE ,40
SPDR,40
SJQ ,40
KJZ ,40
KLPG,40
LJR ,70
BMCK,60
JUJA,20
BAMR,20
JON ,20
KYF ,60
BSYA,30
KNPS,20
DNT ,20
ARD ,20
KIS ,20
DJHR,20
MMVR,20
BSPX,40
JRLI,40
NYG ,40
PRNR,20
GADH,20
KDJR,40
NANR,20
BSTP,20
STBJ,20
NKW ,20
HCNR,40
CLDR,20
SGDP,20
TGRL,20
TMKA,20
BGPL,20
SKND,40
JKPR,40
DJX ,20
GRCP,20
DPUR,20
BWIP,20
JNRD,20
KTGA,20
SKPI,20
BLMK,20
LLGM,20
RUL ,20
SGRM,20
KKGM,20
BGUA,20
DMRT,20
KPRR,40
BTSR,10
MRBL,40
MNDH,30
TUL ,20
SSIA,20
TRAN,20
DGHR,20
BSKH,20
JAMA,20
DUMK,20
CUX ,40
SNQ ,40
NDW ,20
JAN ,20
NDU ,20
DMBR,10
THA ,20
DNEA,20
SLF ,20
RJB ,30
BTV ,40
KRIH,20
KNPR,10
MRIJ,20
DMH ,20
DHT ,40
BHB ,40
DPL ,20
GTT ,20
BDDR,20
CVR ,40
SAU ,90
LTR ,70
PDH ,120
WTJ ,60
ALB ,60
KNLS,60
BHTA,80
MTHP,80
VVA ,50
JALD,30
HM  ,50
UBR ,110
BLD ,110
UVD ,110
KIM ,160
KSB ,240
PLJ ,150
MYG ,200
KBRV,100
BJD ,90
MOL ,60
DL  ,60
SMLA,40
CPN ,20
KRSA,20
SAT ,40
PPD ,40
LMK ,40
MAM ,10
BIO ,40
ANAS,40
PCN ,40
AGR ,40
BOG ,40
RTI ,40
BILD,30
MRN ,30
BOD ,60
RNH ,60
LNR ,30
THUR,30
MKX ,70
DARA,30
GQL ,70
KPTN,120
KPZ ,80
MLZ ,80
FSP ,80
VGN ,70
SJN ,90
PAD ,90
PAO ,100
NIU ,100
KTKL,20
ISM ,10
MGLP,10
HP  ,60
SEU ,70
DGI ,70
SYN ,80
VDA ,80
RBS ,60
FTS ,60
KLB ,60
SNC ,20
POF ,10
HRN ,10
JTU ,10
AJ  ,10
SIC ,10
BDWL,60
VJP ,40
PIA ,60
CNH ,40
SAH ,90
GVD ,70
ITA ,60
ABD ,40
CE  ,40
JKA ,40
GOP ,20
BNVD,60
SKR ,20
RWO ,20
SQR ,40
KXH ,40
BHRL,20
BDHY,20
VKA ,20
GER ,50
CNDB,40
KHDB,30
NBH ,120
JWO ,70
MLG ,50
PIP ,100
DLD ,50
DOD ,50
MRT ,60
SKA ,20
GWA ,20
NJT ,40
CDA ,40
LTD ,40
KDMR,40
CKD ,60
TWB ,20
NLI ,40
SMP ,40
GGR ,20
HMG ,20
SSR ,20
SIM ,30
SRPJ,40
NANA,40
MOI ,40
JAL ,40
KTR ,30
MDJN,40
BDW ,30
JHJ ,20
KLE ,20
KRCD,20
ZW  ,20
JYM ,20
DNRP,20
HMT ,20
SDGM,20
ASV ,20
ADIJ,10
SAC ,40
MLAR,30
GOA ,40
SONI,40
BIX ,40
HGL ,40
BBTR,40
KSWR,20
RCD ,20
ADL ,40
HUK ,10
KLYT,20
KHTU,20
BDY ,20
MONR,20
API ,20
ODC ,20
CHPT,20
PLNI,20
PRDP,40
RHMA,40
RCTC,20
RCG ,10
NASP,40
GUG ,20
PIT ,20
SDS ,20
SBM ,20
ANPR,30
RMF ,20
ARGD,10
TELO,10
SMPA,40
DTVL,40
NIIJ,40
TPND,40
NVRD,40
KLMG,40
SMNE,40
RSYI,40
APTA,40
JITE,40
HMRR,40
PEN ,40
KASU,40
NGTN,40
KOL ,40
INP ,40
GNO ,40
SAPE,40
KFD ,40
VINH,40
DWV ,40
ANO ,40
KMAH,40
UKC ,40
BOKE,40
NIDI,20
NIV ,20
ZARP,20
ULNR,60
ABH ,60
BUD ,60
KMST,60
DAPD,30
AKRD,30
VDN ,30
LHN ,60
MNL ,60
SGND,80
VPR ,80
RRI ,80
HDP ,80
MJBK,80
LONI,80
YT  ,80
KTT ,60
KDTN,70
PAA ,80
KSTH,50
BWD ,60
RNJD,60
SRL ,60
AKR ,60
VL  ,60
VBR ,60
TKMY,50
PDGN,60
NPW ,60
CIT ,60
KNGN,60
SNVR,50
CTH ,60
KMV ,60
SVD ,60
KODI,60
RNE ,60
PDG ,60
UPR ,60
SCO ,60
DGPP,40
DAV ,50
PG  ,60
PIZ ,70
MQL ,70
CRU ,70
LBG ,70
WNG ,50
PARD,50
MGC ,60
SVN ,60
SLGH,40
BLSA,60
SQE ,30
FKB ,30
NVT ,60
JKM ,50
SNGR,40
PKNS,40
DNDI,40
WDN ,40
UKH ,40
GTU ,40
MRTY,40
KRPR,40
WDLN,40
OSA ,20
MRX ,20
DKY ,20
KMRD,20
YSI ,20
PJR ,20
SEI ,20
LAUL,20
BALE,20
PK  ,20
MVE ,20
MKPT,20
AAG ,20
WKA ,20
WDS ,20
DHS ,20
BLNI,20
PPJ ,20
WSB ,20
PRWD,20
JNTR,20
MLM ,20
BRB ,20
SSF ,20
KFH ,20
BRMT,20
MDRR,20
PTWA,20
PKRD,20
BUU ,20
LGCE,20
KMA ,20
HNM ,20
BGHI,60
TZR ,60
MRWS,20
FLD ,20
GGO ,20
KBK ,20
DOHM,20
DJKR,20
KUTL,20
CBG ,20
LSG ,20
KXA ,20
KDL ,20
BJN ,20
TMGN,20
SML ,100
DMP ,60
KMTI,50
BOF ,80
SOL ,60
SLR ,60
KDZ ,60
SGS ,50
TVI ,60
JTO ,60
SHZ ,60
KEJ ,30
KANO,30
TSL ,20
GMM ,20
KOTI,20
JBL ,20
SWO ,20
SBY ,20
DJ  ,120
GHUM,120
SAD ,60
TUNG,60
KGN ,80
DJRZ,60
SN  ,10
RTG ,10
TDH ,10
GBE ,10
SGUD,10
MHN ,20
KGND,20
LOD ,20
FTD ,20
AJN ,20
PLA ,20
INDM,40
LKMN,40
RJQ ,40
RAU ,40
HKH ,40
MHOW,40
PTP ,40
KKD ,40
CRL ,40
MKT ,40
BWW ,40
OM  ,40
SWD ,40
NKR ,40
KTKH,40
ATR ,40
ANI ,40
MRDD,40
JRWN,40
GUX ,40
AMX ,40
RNU ,20
TTZ ,40
DBKA,40
DGT ,40
WND ,40
HKR ,40
ABZ ,40
AKOT,40
PTZ ,40
UGWE,40
TAKL,10
BSAE,20
TBAE,20
KJU ,20
DMLE,20
KMAE,20
JIT ,20
BGAE,20
SOAE,20
BHLA,10
GPAE,20
BGRA,10
DTAE,10
SMAE,10
PSAE,20
LCAE,20
ACLE,20
MPLR,20
MGLE,20
GALE,20
AHN ,20
SPLE,20
SXP ,20
CMX ,20
JMQ ,20
GZM ,20
TIT ,20
JTL ,20
BPS ,20
NRX ,20
PCQ ,20
KPLE,20
BSLE,20
GHLE,20
MYM ,10
ADST,10
MUG ,10
TLO ,10
KHN ,10
PDA ,10
BCQ ,40
SLS ,40
MNC ,20
JRW ,20
KBQ ,20
LHB ,20
DPX ,20
BLY ,10
KRP ,40
PRTL,40
SBNM,30
SGV ,40
BFT ,40
PCX ,40
SVH ,40
MGM ,40
DHU ,40
BDZ ,40
THP ,40
BIJ ,40
PDX ,10
CDH ,40
SMX ,10
MPJ ,10
KYI ,40
KPA ,40
HLR ,20
SEP ,10
BLH ,10
KLNP,30
BPD ,30
SRJN,20
NBPH,10
MAHO,20
JBG ,20
UCH ,20
PKRA,20
DAN ,20
DUN ,20
DAM ,20
SAR ,20
DLP ,20
KGF ,20
GGB ,40
DS  ,20
KFPR,20
KIV ,20
HKP ,20
LDP ,20
RGB ,20
PRKE,20
SSKA,20
GTF ,20
JRJ ,20
KD  ,20
MCV ,20
BBO ,10
KHE ,10
PYG ,20
DHRJ,20
DNX ,20
BXC ,20
UKN ,20
JPS ,20
GRN ,20
BSS ,20
HMI ,20
KUP ,20
GILL,20
LDW ,10
CEU ,10
SRX ,10
HMR ,20
DIW ,10
BTR ,20
TRA ,30
MOW ,10
CRW ,10
BVZ ,10
SWNI,10
JUP ,10
LSE ,10
NJM ,40
GSW ,40
BWB ,40
PTRL,30
BMK ,40
LGB ,20
NAWN,20
DBI ,40
AMPR,20
RMH ,40
RJS ,40
AS  ,40
MLC ,40
NTZ ,40
DLC ,40
BMNL,20
JDL ,40
JMS ,40
KNSR,40
BWX ,10
KRSH,10
FSR ,10
PKK ,20
BFE ,10
UMS ,20
PAE ,20
SPO ,20
CLO ,20
SBLJ,20
ALAI,20
BWS ,20
KJW ,20
DSL ,20
MCPE,20
JOM ,40
KXG ,40
UMED,40
SWF ,40
KSW ,40
AAS ,40
JWL ,40
BNO ,40
SZ  ,20
HWT ,20
RT  ,20
PRDH,10
KAI ,20
BOM ,20
RKZ ,20
SHRD,20
EN  ,20
PN  ,20
JUL ,20
DNW ,20
UMN ,20
JDN ,20
BHU ,20
UAR ,20
KMLI,20
DRW ,20
UM  ,20
KRJD,20
CTT ,20
JTY ,20
IQG ,20
SZA ,20
MAA ,20
MXO ,20
KWI ,20
BMN ,20
BNS ,20
KVJ ,20
BRLY,20
KZQ ,20
BGPR,20
BWA ,20
BGG ,20
AUWA,20
DRS ,20
BFY ,20
BQN ,20
BGX ,20
CNL ,20
GRI ,20
BAR ,20
APA ,20
PPF ,20
KRW ,20
LNA ,20
MLI ,20
MKRA,20
SDH ,20
DOZ ,20
LR  ,20
GEK ,20
SALI,20
SK  ,20
DTRA,20
DHND,30
BOBS,30
SHNX,40
DNK ,30
KHD ,10
SUW ,20
BVB ,20
SUMR,20
PAI ,20
KIKA,10
MDVK,10
SRKI,20
GVB ,20
ORR ,20
SHDR,20
PGA ,20
MUGA,40
SYL ,40
ATRU,40
POR ,20
CJW ,30
BJK ,30
BON ,40
DXD ,30
CDSL,20
AMLI,40
RWJ ,40
DPZ ,20
SURL,20
SRAS,30
CHNN,20
CKS ,20
SAS ,20
SNGN,40
BDYK,20
GA  ,20
GVMR,20
NYK ,20
THMR,20
BOW ,20
BSRL,20
JACN,20
JAC ,20
KQW ,20
KWP ,20
KUT ,20
BAI ,20
JHIR,20
BSKO,20
JW  ,20
BAK ,20
KVGM,20
ARNA,20
GLNA,20
SRRG,20
DGW ,20
MWW ,20
PSL ,20
AIA ,20
KGBS,20
JTS ,20
KSI ,20
SDRA,20
JRL ,20
MHU ,20
JKZ ,20
BALR,20
AHLR,20
NRA ,20
TTI ,20
PPH ,20
MHO ,20
RJI ,20
KDQ ,20
PHV ,10
SWS ,10
NBP ,10
PHI ,20
TKC ,20
PNB ,20
TTLA,20
KKET,20
BRHU,20
AJRE,20
DML ,20
TGE ,20
LPN ,20
JGJN,20
DHRY,20
HWX ,20
LKG ,20
PKB ,20
HLG ,20
ONR ,40
WEL ,40
AVK ,40
KXT ,40
LOV ,40
UAM ,40
CMNR,20
NTW ,20
KDO ,20
AP  ,20
NHY ,40
BDRL,40
Y   ,40
HNK ,40
TCL ,20
KSM ,20
BSM ,20
GDP ,20
MAR ,20
PU  ,20
SKPT,20
VLT ,20
PTT ,20
PAM ,40
KEN ,20
CGI ,40
SET ,20
HJL ,20
NYH ,20
NLPD,80
PRCA,60
PPM ,60
NDPU,50
STUR,60
MUK ,40
SAB ,40
VLE ,40
SYM ,50
CEM ,40
GKM ,40
POO ,40
GJJ ,60
JBK ,60
SDV ,60
GMA ,60
KSTE,60
DMT ,60
CMZ ,60
GZL ,60
PNM ,60
KEF ,40
RGM ,60
MLK ,60
MYL ,40
LMD ,40
EDD ,40
TGL ,40
MLGT,40
BLL ,40
BNL ,40
VP  ,40
HGI ,40
HDD ,40
KDN ,40
DAJ ,60
PKL ,40
KGW ,40
GIN ,40
GNR ,30
BYC ,50
CSDR,20
ORH ,20
MKL ,20
TDV ,20
SMWA,20
VWA ,20
DPE ,20
MLU ,10
CPL ,20
NRYP,20
KTCR,20
BSPL,20
CCA ,40
PSPY,40
TAC ,40
GDE ,40
PMD ,20
RRJ ,20
TKPY,20
PLU ,40
NKDO,40
NAND,20
INJ ,20
SEN ,20
SHMI,20
CTTP,20
MANK,20
HAA ,20
AT  ,20
LOL ,20
BLLI,20
VELI,20
KXP ,20
PGZ ,20
AMY ,20
EVA ,20
KFI ,20
IRP ,20
KLQ ,20
CTPE,20
KUV ,20
KFV ,20
EKN ,20
KKZ ,20
KIF ,20
AVS ,20
PUU ,20
BRAM,10
NRK ,10
TKWD,30
MVD ,20
MGL ,20
LKY ,20
LKT ,40
HBS ,20
KUG ,20
UNK ,20
AGL ,20
NVU ,20
AMC ,20
BAHI,20
DBL ,30
KIAT,20
THKU,20
GBB ,30
RDG ,20
SLM ,20
AJP ,30
RGI ,30
HLK ,30
KAG ,20
CLI ,20
DAD ,20
KVS ,20
SVNR,20
GDI ,20
SNH ,20
KNO ,20
AYB ,10
KTK ,20
CHRG,20
PDNR,20
SLGE,20
AHD ,20
TLT ,20
NGS ,20
BOT ,20
KUI ,20
HHD ,20
SVG ,20
HQR ,20
MR  ,20
MVH ,20
RMY ,20
MWY ,20
GDQ ,20
CTF ,40
GGD ,40
RPK ,40
NPL ,40
HFZ ,40
DYE ,20
SFX ,20
RKO ,20
AMQ ,20
CVB ,30
ALW ,20
BOZ ,20
KQD ,30
PCU ,20
UNDI,20
VND ,40
KLDI,40
MIPM,100
OTR ,10
YLK ,20
NDZ ,20
KQA ,20
MBL ,10
VKT ,20
NLS ,20
PGU ,20
KJJ ,20
TMC ,10
AXR ,10
SVPM,20
TTU ,20
UPD ,20
SDM ,20
KRV ,20
RPRL,20
UGD ,20
KVDU,20
KPLL,20
JAQ ,20
IPPM,20
SPF ,20
APL ,20
MCVM,20
MDKU,20
KLX ,20
CLVR,20
MBD ,40
GWM ,40
PAVP,40
TOU ,40
VRVL,30
VAT ,40
DEL ,30
STPT,30
PUA ,40
KKRM,30
CEL ,40
VGT ,40
BPY ,40
NBM ,40
MRPL,20
BMGM,20
CU  ,40
PSDA,40
KSVM,20
BBPM,20
PBD ,20
GDPT,20
KAQ ,10
LKDU,20
SGKM,20
PAGM,20
DGDG,20
RVD ,20
HVM ,20
GLU ,20
REG ,20
BVM ,20
KSK ,20
THY ,20
PDT ,60
KPL ,40
ALM ,40
KUK ,40
GRBL,40
GPI ,40
KMX ,40
DNV ,40
SNM ,40
NSX ,40
GMDA,40
KNRT,40
JMPT,40
TKBN,20
JKO ,20
VML ,20
JUR ,20
KMQA,20
CLPE,20
VRN ,20
RLL ,20
MUM ,20
KMH ,20
YGD ,20
GPY ,20
KPU ,20
KNLP,20
BKPT,20
VNM ,20
MMPL,20
HAQ ,20
RPL ,20
ANE ,20
SF  ,20
BLPE,20
MRM ,20
DQR ,20
YKA ,20
HPG ,20
NSVP,10
KOTT,10
BRGL,10
BABR,20
RRGA,10
RJAP,10
GLY ,20
DTP ,10
YNG ,10
MHBT,20
MQN ,10
KTKA,10
DKC ,10
KQQ ,10
KXI ,10
KONN,10
AJK ,10
ARPL,10
PDO ,10
PDNA,10
IKI ,10
MOA ,10
ALPR,10
VDI ,20
DCU ,20
PCL ,20
VLD ,20
KBA ,20
TAT ,20
TKU ,20
NCU ,20
KCM ,20
MGB ,20
CCI ,20
KDT ,20
VPL ,20
GPU ,20
SSPD,20
MRF ,20
KOHR,20
KCP ,20
KTKR,10
HER ,20
AMBR,20
NGHW,10
CKX ,20
GDPL,20
DBV ,20
MOB ,20
BMPL,20
ME  ,20
SHAN,10
RAL ,40
POA ,40
BQU ,40
PUMU,40
VMU ,40
ZPI ,30
CIV ,40
VJA ,40
SRPM,40
PKPU,40
BMKD,30
GT  ,60
WP  ,20
CLE ,20
YGL ,20
INK ,20
TAA ,20
GUU ,20
GLE ,20
PGP ,20
AWM ,20
MMPR,20
VLG ,20
SRMR,20
TPPI,20
PDGL,20
TMLU,20
REM ,20
GPDE,20
LIN ,20
MDPD,20
BDPL,20
SJL ,20
AKU ,20
BVA ,40
FLR ,40
BCK ,40
PBA ,40
RSG ,40
SRJM,40
IBL ,40
MYX ,40
GRB ,20
BGA ,20
KSU ,20
CHRA,20
TAO ,20
KTD ,20
URMA,20
BRMD,20
NIM ,20
MIK ,20
KZU ,20
MMV ,60
BRM ,60
SNKR,20
RUI ,20
SBW ,20
TLE ,20
JNN ,20
TKB ,20
BRBS,30
LPH ,40
TUX ,40
DRWN,40
PST ,40
BUL ,40
SXN ,40
SOGR,40
TGM ,40
DIH ,40
PNPL,40
DTV ,40
IB  ,40
HGR ,40
DAO ,40
JMG ,40
KRL ,40
KDTR,40
BEF ,40
ROB ,40
JDI ,40
CHBT,20
NPI ,20
BKTH,20
MDH ,20
WRC ,20
KMI ,40
MUA ,20
JTR ,20
PJB ,20
BTL ,20
DKS ,20
GDM ,20
GJ  ,20
KWN ,20
MNU ,20
KHAT,20
RRL ,20
TAR ,20
CHCR,20
KNHN,20
KAV ,20
SAL ,10
MUP ,10
SRWN,20
URK ,10
DGS ,10
DPH ,10
SGRD,20
MVW ,20
LVK ,10
SUP ,20
BDVR,20
SLPM,20
TXD ,20
CMDP,20
BGHU,20
KVLS,20
SMLG,20
ARK ,20
GPJ ,20
DPC ,20
PFU ,20
BHJA,20
MKRD,20
PBV ,20
SUKU,20
MVF ,20
JRT ,20
MVG ,20
CTS ,20
DIR ,20
KDPA,20
CJS ,20
AGB ,20
AGZ ,20
NKX ,20
KMEZ,20
TPQ ,20
BDXX,20
DMK ,20
SZY ,20
KMSD,20
KKLU,20
KWGN,20
DBF ,20
GIZ ,20
DWZ ,20
KMLR,20
BHNS,20
BCHL,20
KRDL,20
SZB ,20
LAE ,20
ANMD,20
BLSN,20
ARN ,20
BMKJ,20
KMK ,20
LKNA,20
TRKR,20
RNBT,20
KDLR,20
DKLU,20
LDX ,20
GTLM,20
LIG ,50
ULA ,60
KFP ,60
MPML,40
BMC ,60
GELA,40
DVH ,40
RMO ,60
SASR,60
BDHT,10
LDE ,60
PSK ,40
SZH ,40
KLOD,40
SONR,60
PSX ,60
KPKD,60
KRDH,50
PQA ,30
PTS ,40
TKLB,20
MGVK,20
BRKH,20
UIH ,20
JLY ,20
MQQ ,20
KRBO,20
KPDH,20
SMSR,20
PED ,20
SEY ,20
BHV ,20
KWB ,20
PUE ,20
KLZ ,20
TPNI,40
VNK ,70
DRPH,30
KDHI,50
SOY ,70
CRE ,70
JPV ,70
GRG ,70
DPW ,40
TTW ,40
CGLA,30
GDU ,40
PNJ ,50
JONR,30
NDNI,30
CHM ,70
USD ,70
CPD ,70
KBH ,70
TISI,40
RNL ,40
VKH ,40
VRD ,10
SNSL,60
HOL ,40
NDN ,80
BEW ,40
PDP ,40
BRTK,40
TKHE,40
BHNE,40
CHLK,40
PLD ,40
BDI ,60
NOL ,50
BGMR,50
GGAR,50
TBV ,50
MGRL,40
KRAI,50
LTV ,40
KKRD,50
DSD ,30
LKKD,40
BBAI,50
KFF ,50
KHTG,50
DWD ,50
CUE ,20
BHET,50
VDH ,50
ACL ,50
KEB ,50
KLV ,50
BJUD,30
KDI ,20
DXR ,40
RA  ,40
VD  ,40
AXA ,20
SDD ,40
KNKT,30
KHC ,40
KHDI,20
CX  ,20
LKBL,40
PPLI,20
MDPR,20
SYQ ,20
VQD ,20
BHTL,40
MGTD,20
BPKA,40
KRGA,20
OKD ,20
GRJA,20
BRDA,20
BMRN,30
WKRC,20
MD  ,10
BQE ,30
PUD ,30
PNWN,30
BKTL,30
JBX ,50
CKOD,30
MQE ,30
BLX ,50
KONY,50
PUO ,40
SVT ,30
TJP ,30
PLW ,30
NKI ,30
ASL ,30
PSO ,30
PPG ,30
BTSD,30
BRNA,40
RCJ ,20
MSO ,20
BKA ,20
PRKD,20
KRTH,20
TAKU,20
SAHL,20
KQE ,20
DOH ,20
MJY ,20
MALK,20
BYS ,20
LLD ,10
BQM ,20
MKDN,20
PCLI,20
BRDH,10
BJG ,20
VTN ,20
BAGD,20
ATUL,20
JRS ,20
URN ,40
KSE ,40
GTX ,40
KDSD,40
HAT ,40
VRE ,40
BJW ,40
RNO ,40
NDR ,30
ADD ,40
VXD ,40
UTD ,40
GTE ,40
NEP ,40
KANJ,40
VTA ,40
BYR ,10
SNJL,20
CVJ ,20
LKD ,20
KSPR,20
VRM ,20
MPR ,20
GNST,10
GGM ,20
WSE ,20
VCN ,20
VNRD,20
KHRS,20
SR  ,20
LPR ,20
BLRD,20
CJR ,20
LMC ,20
LXR ,20
BLWR,10
DDV ,10
ALNI,10
RDT ,10
KIW ,10
DKRA,10
KRLS,10
BRLA,20
MDLM,10
KCNR,20
SDPN,10
HKL ,20
JMKL,10
BIWK,10
GRF ,20
PSLI,10
URML,20
JNRI,20
SNAR,20
ARE ,20
GKB ,20
LBN ,20
KTA ,20
RNT ,20
MXL ,20
NMD ,20
LRU ,20
COO ,20
PDZ ,20
KNDP,20
DY  ,20
BAMA,20
BR  ,20
NGLT,20
BIQ ,20
DXK ,20
AED ,20
SNPR,20
MIQ ,20
PTLI,20
BLO ,20
DHR ,10
IDGH,20
BLNR,20
BBY ,20
RAKL,20
NNE ,20
SCN ,20
AXK ,20
CRKR,10
BAHL,20
SDUA,20
ANT ,20
PJGM,20
ATPA,20
KAPE,20
PMPE,20
SINA,20
