'00851',BNC SUVIDHA SPL,1511
'00852',BNC BBS SUVIDHA,1511
'01081',DR BSL T F SPL ,436
'01082',BSL DR T F SPL ,436
'01149',BSL CSN T F SPL,117
'01150',CSN BSL T F SPL,117
'01151',CSN DHI T F SPL,57
'01152',DHI CSN T F SPL,57
'01153',CSN CSTM T F SP,328
'01154',CSTM CSN T F SP,328
'01156',PVR NAVI KMN SP,807
'01401',NGP TTKL FARE S,880
'01402',NGP SUR T F SPL,880
'01419',PAU TTKL FARE S,578
'01420',PAU KOP SPL    ,578
'01427',PVR TTKL FAREPA,137
'01428',MRJ TKL FARE PA,137
'01655',PUNE JBP SUP SP,1049
'01656',JBP PUNE SPECIA,1049
'01711',CSTM JBP SPL   ,997
'01712',JBP LTT SUP SPL,981
'01713',LTT HBJ SUP SPL,821
'01714',HBJ CSTM SUP SP,837
'02111',LTT LKO AC SPL ,1412
'02112',LKO  LTT AC SPL,1412
'02509',BNC KYQ SUVIDHA,3019
'02510',KYQ BNC SUVIDHA,3019
'02511',KYQ KUMBH SPL  ,2888
'02512',KYQ PUNE SPECIA,2888
'02590',GORAKHPUR  SPL ,1821
'02779',VSG SBC LINK EX,705
'02853',SUVIDHA SPECIAL,2314
'02873',VSKP TPTY SF SP,736
'02874',TPTY VSKP SF SP,736
'02877',KJM SPECIAL    ,1077
'02878',KJM VSKP EXP   ,1077
'02882',SUVIDHA SPL    ,1703
'03235',SBG DNR SPECIAL,306
'03236',DNR SBG SPL    ,306
'03401',BGP DNR SPECIAL,231
'03402',DNR BGP SPL    ,231
'04401',ANVT SVDK SPL  ,711
'04402',SVDK ANVT SPL  ,711
'04403',LKO ANVT SPL   ,480
'04404',ANVT LKO SPL   ,480
'04405',LKO NDLS SPL   ,493
'04406',NDLS LKO SPL   ,493
'04407',DLI SPL        ,1140
'04408',DLI DBG SPL    ,1140
'04413',DEE SVDK SPL   ,668
'04414',SVDK DEE SPL   ,668
'04415',BJU NDLS AC SPL,1156
'04416',NDLS BJU AC  SP,1156
'04735',BKN HW SPL     ,692
'04736',HW BKN SPL     ,692
'04801',JU JSMSPL      ,294
'04802',JSM JU SPL     ,294
'04923',LKO NLDM SF SPL,794
'04924',NLDM LKO SF SPL,794
'04927',BSB CDG SPECIAL,951
'04928',CDG BSB SPECIAL,951
'04941',LKO SVDK SPL   ,1056
'04942',SVDK LKO SPL   ,1056
'05010',GKP SGG SPL    ,440
'05027',SUVDHA SPL     ,750
'05028',SUVIDHA SPL    ,750
'05065',CPR LJN SPL    ,506
'05066',LJN CPR SPL    ,506
'05115',CPR SVDKSPL    ,1522
'05116',SVDK CPR SPL   ,1522
'05817',APDJ DBB SPECIA,102
'05818',DBB APDJ SPECIA,102
'05967',RNY DBRG SPECIA,604
'05968',DBRG RNY SPECIA,604
'06063',TIRUNELVELI EXP,653
'06064',TEN CHENNAI EXP,653
'06065',MAS ERS EXP    ,702
'06066',CHENNAI EXP    ,702
'06228',MYSORE EXP     ,373
'06335',GHY KCVL SPECIA,3650
'06336',GUWAHATI EXP   ,3650
'06541',YPR PVR EXP    ,880
'06542',PVR YPR SPECIAL,880
'06543',YPR  CBE EXP   ,440
'06544',YESVANTPUR EXP ,440
'06948',UBL VSG LINK EX,236
'07239',PUSHKARAM SPL  ,224
'07265',TPTY SC SPL    ,737
'07301',TALGUPPA EXP   ,373
'07323',MAS HUBLI EXP  ,710
'07324',UBL MAS EXP    ,710
'07703',PUSHKARAM SPL  ,537
'07704',PUSHKARAM SPL  ,537
'07707',PUSHKARAM SPL  ,841
'07708',PUSHKARAM SPL  ,841
'07710',PUSHKARAM SPL  ,1039
'07711',PUSHKARAM SPL  ,760
'07712',PUSHKARAM SPL  ,861
'07713',PUSHKARAM SPL  ,338
'07714',PUSHKARAM SPL  ,351
'07717',PUSHKARAM SPL  ,536
'07718',PUSHKARAM SPL  ,536
'07719',PUSHKARAM SPL  ,282
'07720',PUSHKARAM SPL  ,282
'07723',PUSHKARAM SPL  ,797
'07724',PUSHKARAM SPL  ,797
'08010',PURI HWH SPECIA,502
'08243',BSP BGKTSPECIAL,1818
'08244',BGKT BSP SPL   ,1818
'08245',BSP BKN SPECIAL,1884
'08246',BKN BSP SPL    ,1884
'08295',BSP PUNE SPL   ,1300
'08301',SBP YPR SPECIAL,1584
'08302',YPR SBP EXP    ,1584
'08401',PURI SRC SPL   ,494
'08402',SRC PURI  SPL  ,494
'08449',BBS PNBE SPL   ,865
'08450',PNBE BBS SPL   ,865
'08501',VSKP SC SPL    ,701
'08502',SC VSKP SPL    ,701
'08891',BSP SVDK SPL   ,1792
'08892',SVDK BSP SPL   ,1792
'09607',NDT UDZ SPL    ,58
'09608',UDZ NDT SPL    ,58
'09627',AII DEE SF SPL ,373
'09628',DEE AII SF SPL ,373
'09721',JP UDZ SF SPL  ,430
'09722',UDZ JP SF SPL  ,430
'09807',KOTA NZM SUP SP,458
'09808',NZM KOTA SF SPL,458
'10001',SATPURA EXPRESS,187
'10002',SATPURA EXPRESS,187
'10103',MANDOVI EXPRESS,765
'10104',MANDOVI EXPRESS,765
'10111',KONKAN KANYA EX,765
'10112',KONKAN KANYA EX,765
'10215',MADGAON ERS EXP,850
'10216',MADGAON EXPRESS,850
'11003',RAJYA RANI EXP ,647
'11004',RAJYA RANI EXP ,647
'11005',PUDUCHERRY EXP ,1643
'11006',CHALUKYA  EXP  ,1643
'11007',DECCAN EXPRESS ,192
'11008',DECCAN EXPRESS ,192
'11009',SINHAGAD EXP   ,192
'11010',SINHAGAD EXP   ,192
'11011',LTT NANDED EXP ,733
'11012',NED LTT EXPRESS,733
'11013',COIMBATORE EXP ,1518
'11014',LOKMANYA TT EXP,1518
'11015',KUSHINAGAR EXP ,1682
'11016',KUSHINAGAR EXP ,1682
'11017',LTT KARAIKAL EX,1634
'11018',KIK LTT EXPRESS,1634
'11019',KONARK EXPRESS ,1932
'11020',KONARK EXPRESS ,1932
'11021',TIRUNELVELI EXP,1854
'11022',CHALUKYA  EXP  ,1854
'11023',SAHYADRI EXPRES,518
'11024',SAHYADRI EXP   ,518
'11025',BSL PUNE EXP   ,548
'11026',PUNE BSL EXP   ,548
'11027',CHENNAI MAIL   ,1284
'11028',MUMBAI MAIL    ,1284
'11029',KOYNA EXPRESS  ,518
'11030',KOYNA EXPRESS  ,518
'11031',SUR BIJAPUR EXP,109
'11032',BJP SUR EXP    ,109
'11033',DARBHANGA EXP  ,1947
'11034',DBG PUNE EXP   ,1947
'11035',SHARAVATHI EXP ,1212
'11036',SHARAVATI  EXP ,1212
'11037',PA GORAKHPUR EX,1771
'11038',GKP PUNE EXPRES,1771
'11039',MAHARASHTRA EXP,1346
'11040',MAHARASHTRA EXP,1346
'11041',CSTM CHENNAI EX,1284
'11042',MUMBAI EXPRESS ,1284
'11043',MADURAI EXPRESS,1703
'11044',LOKAMANYA TT EX,1703
'11045',DIKSHABHOOMI EX,2967
'11046',DIKSHABHUMI EXP,2968
'11047',MIRAJ UBL EXP  ,279
'11048',UBL MRJ EXPRESS,279
'11049',KOLHAPUR EXPRES,961
'11050',AHMEDABAD EXP  ,961
'11051',SUR KOP EXP    ,315
'11052',KOP SOLAPUR EXP,315
'11053',LTT AZAMGARH EX,1551
'11054',AMH LTT EXP    ,1551
'11055',GODAN EXPRESS  ,1733
'11056',GODAN EXPRESS  ,1733
'11057',AMRITSAR EXPRES,2046
'11058',ASR CSTM  EXP  ,2046
'11059',CHHAPRA EXPRESS,1772
'11060',CPR LTT EXPRESS,1772
'11061',MUZAFFARPUR EXP,1790
'11062',MFP LTT EXPRESS,1790
'11063',MS SALEM EXP   ,353
'11064',SA CHENNAI EXP ,353
'11065',DARBHANGA  EXP ,1880
'11066',DBG LTT EXPRESS,1880
'11067',SAKET EXPRESS  ,1505
'11068',SAKET EXPRESS  ,1505
'11069',TULSI EXPRESS  ,1510
'11070',TULSI EXPRESS  ,1510
'11071',KAMAYANI EXPRES,1639
'11072',KAMAYANI EXPRES,1639
'11073',LTT CHENNAI  EX,1268
'11074',CHENNAI LTT EXP,1268
'11075',LTT BIDR EXPRES,661
'11076',BIDR LTT EXP   ,661
'11077',JHELUM EXPRESS ,2172
'11078',JHELUM EXPRESS ,2172
'11081',LTT GKP EXPRESS,1727
'11082',GKP LTT EXP    ,1727
'11087',VERAVAL PUNE EX,1066
'11088',PUNE VERAVAL EX,1066
'11089',BGKTPUNE EXPRES,1091
'11090',PUNE BGKT EXP  ,1091
'11091',BHUJ PUNE EXP  ,993
'11092',PUNE BHUJ EXP  ,993
'11093',MAHANAGARI EXP ,1515
'11094',MAHANAGARI EXP ,1515
'11095',AHIMSA EXPRESS ,635
'11096',AHIMSA EXPRESS ,635
'11097',POORNA EXPRESS ,1435
'11098',POORNA EXPRESS ,1435
'11101',PUNE GWALIOR EX,1372
'11102',GWL PUNE EXP   ,1372
'11103',JHS BDTS EXP   ,1318
'11104',BDTS JHANSI EXP,1318
'11105',PRATHAM S S EXP,1325
'11106',PRATHAM S SNGRM,1325
'11107',BUNDELKHAND EXP,624
'11108',BUNDELKHAND EXP,624
'11109',JHS LJN  INT EX,294
'11110',LJN JHS INT EXP,294
'11111',GD SUSHASAN EXP,912
'11112',GWL SUSHASAN EX,912
'11123',BJU GWL MAIL   ,1057
'11124',GWL BJU MAIL   ,1057
'11125',IND GWALIAR EXP,562
'11126',GWL INDB EXPRES,562
'11201',LTT AJNI EXPRES,1021
'11202',AJNI LTT EXPRES,1021
'11203',NGP JAIPUR EXP ,1345
'11204',JP NGP EXP     ,1345
'11205',LTT NZB EXPRESS,705
'11206',NZB  LTT EXP   ,705
'11207',NGP REWA EXP   ,781
'11208',REWA NAGPUR EXP,781
'11265',AMBIKAPUR EXPRE,433
'11266',ABKP JBP EXPRES,433
'11271',VINDHYACHAL EXP,738
'11272',VINDHYACHAL EXP,738
'11301',UDYAN EXPRESS  ,1153
'11302',UDYAN EXP      ,1153
'11303',HYB KOP EXPRESS,998
'11304',KOP HYB EXPRESS,998
'11305',CSTM SOLAPUR EX,455
'11306',SOLAPUR CSTM EX,455
'11401',NANDIGRAM  EXP ,1139
'11402',NANDIGRAM  EXP ,1139
'11403',NGP KOP EXPRESS,1038
'11404',KOP NAGPUR EXP ,1038
'11405',PUNE AMI EXP   ,821
'11406',AMI PUNE EXP   ,821
'11407',PUNE LJN EXPRES,1480
'11408',LJN PUNE EXP   ,1480
'11423',SUR HUBLI EXP  ,358
'11424',SOLAPUR EXPRESS,358
'11447',SHAKTIPUNJ EXP ,1152
'11448',SHAKTIPUNJ EXP ,1152
'11449',JAMMUTAWI EXP  ,1505
'11450',JAT  JBP EXPRES,1505
'11451',INTERCITY EXP  ,239
'11452',INTERCITY EXP  ,239
'11453',PRERANA EXPRESS,957
'11454',PRERANA EXPRESS,957
'11463',SMNH JBP EXPRES,1415
'11464',JBP SOMNATH EXP,1415
'11465',SMNH JBP EXPRES,1570
'11466',JBP SOMNATH EXP,1570
'11471',INDB JBP EXP   ,555
'11472',JBP INDB EXP   ,555
'11651',SGRL  INTERCITY,352
'11652',JBP INTERCITY E,352
'11701',INDB INTERCITY ,759
'11702',JBP INTERCITY  ,759
'11703',REWA INDB EXP  ,812
'11704',REWA EXPRESS   ,812
'12001',NDLS SHATABDI E,707
'12002',BHOPAL SHTBDI  ,707
'12003',LJN SWRAN SHTBD,511
'12004',LJN SWRAN SHTBD,511
'12005',KALKA SHTBDI   ,303
'12006',KALKA SHTBDI   ,303
'12007',SHATABDI EXP   ,500
'12008',SHATABDI EXP   ,500
'12009',SHATABDI EXP   ,491
'12010',SHATABDI EXP   ,491
'12011',KALKA SHTBDI   ,303
'12012',KALKA SHTBDI   ,303
'12013',AMRITSAR SHTBDI,448
'12014',AMRITSAR SHTBDI,448
'12015',AJMER SHTBDI   ,443
'12016',AJMER SHTBDI   ,443
'12017',DEHRADUN SHTBDI,315
'12018',DEHRADUN SHTBDI,315
'12019',SHATABDI EXPRES,426
'12020',SHATABDI EXPRES,426
'12021',BBN JANSHATABDI,398
'12022',BBN JANSHATABDI,398
'12023',JANSHATABDI EXP,532
'12024',JANSHATABDI EXP,532
'12025',SHATABDI EXP   ,597
'12026',PUNE SHATABDI  ,597
'12027',SHATABDI EXP   ,362
'12028',SHATABDI EXP   ,362
'12029',SWARNA SHTBDI  ,448
'12030',SWARNA SHTBDI  ,448
'12031',AMRITSAR SHTBDI,448
'12032',AMRITSAR SHTBDI,448
'12033',CNB NDLS SHT   ,437
'12034',NDLS CNB SHT   ,437
'12035',JP AF SHATABDI ,241
'12036',AF JP SHATABDI ,241
'12037',NDLS LDH SHTBDI,329
'12038',LDH NDLS SHTBDI,329
'12039',KGM ANVT SHT   ,271
'12040',ANVT KGM SHT   ,271
'12041',SHATABDI EXPRES,561
'12042',NJP HWH SHATABD,561
'12043',NDLS MOGA SHT  ,398
'12044',NDLS SHATABDI  ,398
'12045',NDLS CDG SHTBDI,266
'12046',CDG NDLS SHTBDI,266
'12047',NDLS BTI SHTBDI,299
'12048',BTI NDLS SHTBDI,299
'12051',JAN SHATABDI EX,757
'12052',JAN SHATABDI EX,757
'12053',HW ASR JNSHTBDI,407
'12054',ASR HW JNSHTBDI,407
'12055',DDN JANSHTBDI  ,305
'12056',NDLS JANSHATABD,305
'12057',UHL JANSHATABDI,410
'12058',NDLS JANSHTBDI ,410
'12059',NZM JAN SHATABD,458
'12060',KOTA JANSHTBDI ,458
'12061',JBP JANSHATABDI,331
'12062',HBJ JANSHATABDI,331
'12063',HW UHL LINK JSH,368
'12064',UHL HW LINK JSH,368
'12065',NZM JAN SHATABD,386
'12066',AII JAN SHATABD,386
'12067',JAN SHATABDI EX,376
'12068',JAN SHATABDI EX,376
'12069',JANSHATABDI EXP,414
'12070',JANSHATABDI EXP,414
'12071',JAN SHATABDI EX,365
'12072',JANSHATABDI EXP,365
'12073',BBS JAN SHATABD,439
'12074',BBS JAN SHATABD,439
'12075',JAN SHATABDI   ,399
'12076',JAN SHATABDI   ,399
'12077',JAN SHATABDI   ,454
'12078',JAN SHATABDI   ,454
'12079',JANSHATABDI EXP,469
'12080',JAN SHATABDI EX,469
'12081',JAN SHATABDI   ,502
'12082',JAN SHATABDI   ,502
'12083',JAN SHATABDI EX,362
'12084',JAN SHATABDI EX,362
'12101',JNANESWARI DELX,1952
'12102',JNANESWARISUPDL,1952
'12103',PA LUCKNOW EXP ,1480
'12104',LJN PUNE EXP   ,1480
'12105',VIDARBHA EXPRES,967
'12106',VIDARBHA EXPRES,967
'12107',LUCKNOW SUP EXP,1412
'12108',LJN LTT EXPRESS,1412
'12109',PANCHAVATI EXP ,261
'12110',PANCHAVTI EXP  ,261
'12111',CSTM AMRAVATI E,672
'12112',AMRAVATI CSTM E,672
'12113',NAGPUR GARIBRAT,890
'12114',PUNE GARIBRATH ,890
'12115',SIDDHESHWAR EXP,455
'12116',SIDDHESWAR EXP ,455
'12117',LTT MANMAD EXP ,245
'12118',MANMAD LTT EXP ,245
'12121',M P SMPRK KRNTI,909
'12122',M P SMPRK KRNTI,909
'12123',DECCAN QUEEN   ,192
'12124',DECCAN QUEEN   ,192
'12125',PRAGATI EXPRESS,189
'12126',PRAGATI EXPRESS,189
'12127',INTERCITY EXP  ,192
'12128',INTERCITY EXP  ,192
'12129',AZAD HIND EXP  ,2020
'12130',AZAD HIND EXP  ,2020
'12131',DR SAINAGAR EXP,336
'12132',SAINAGAR DR EXP,336
'12133',MANGALORE EXP  ,1196
'12134',MUMBAI EXP     ,1195
'12135',PUNE NAGPUR EXP,889
'12136',NAGPUR PUNE EXP,889
'12137',PUNJAB MAIL    ,1930
'12138',PUNJAB MAIL    ,1930
'12139',SEWAGRAM  EXP  ,837
'12140',SEWAGRAM  EXP  ,837
'12141',RAJENDRA NGR EX,1697
'12142',RJPB LTT EXP   ,1697
'12143',LTT SLN SUP EXP,1551
'12144',SLN LTT SF     ,1551
'12145',LTT PURI SUP EX,1880
'12146',PURI LTT SUP EX,1880
'12147',NIZAMUDDIN EXP ,1915
'12148',NZM KOP EXP    ,1915
'12149',PUNE PATNA EXP ,1781
'12150',PNBE PUNE EXP  ,1780
'12151',SAMARSATA EXP  ,2081
'12152',SAMARSATA EXP  ,2091
'12153',HABIBGANJ EXP  ,821
'12154',HBJ LTT SUP EXP,821
'12155',BHOPAL  EXPRESS,700
'12156',BHOPAL  EXPRESS,700
'12157',HUTATMA EXPRESS,264
'12158',HUTATMA EXPRESS,264
'12159',AMI JBP SUP EXP,726
'12160',JBP AMI SUP EXP,726
'12161',LASHKAR EXPRESS,1334
'12162',LASHKAR EXPRESS,1334
'12163',CHENNAI EXPRESS,1281
'12164',CHENNAI EXP    ,1281
'12165',LTT BSB SUP EXP,1482
'12166',BSB LTT SUP EXP,1482
'12167',LTT BSB SUP EXP,1472
'12168',BSB LTT SUP EXP,1472
'12169',SUR INTERCITY  ,264
'12170',PUNE INTERCITY ,264
'12171',LTT HW AC SUP  ,1771
'12172',HW LTT AC SF   ,1771
'12173',UDYOG NAGRI EXP,1585
'12174',UDYOG NAGRI EXP,1585
'12175',CHAMBAL EXP    ,1285
'12176',CHAMBAL EXPRESS,1285
'12177',CHAMBAL EXP    ,1457
'12178',CHAMBAL EXPRESS,1457
'12179',LJN AGC INTRCIT,332
'12180',LJN  INTERCITY ,332
'12181',DAYODAYA EXPRES,1028
'12182',DAYODAYA EXP   ,1028
'12183',BPL PBH SUP EXP,758
'12184',PBH BPL EXPRESS,758
'12185',REWANCHAL EXP  ,555
'12186',REWANCHAL EXP  ,555
'12187',MUMBAI GARIBRAT,997
'12188',JBP GARIB RATH ,997
'12189',MAHAKAUSHAL EXP,961
'12190',MAHAKOSHAL EXP ,961
'12191',NDLS JBP SUP EX,1038
'12192',JBP NDLS SUP EX,1038
'12193',YPR JBP EXP    ,1736
'12194',JBP YPR SUP EXP,1736
'12195',AF AII INTERCIT,376
'12196',AII AF INTERCIT,376
'12197',GWL INTERCITY  ,485
'12198',BPL INTERCITY  ,485
'12201',KCVL GARIB RATH,1812
'12202',LTT GARIB RATH ,1812
'12203',GARIB RATH EXP ,1723
'12204',SHC GARIB RATH ,1723
'12205',NANDA DEVI EXP ,305
'12206',NANDA DEVI EXP ,305
'12207',JAMMU GARIB RAT,769
'12208',KGM GARIB RATH ,769
'12209',KGM GARIB RATH ,462
'12210',CNB GARIB RATH ,462
'12211',ANVT GARIB RATH,1060
'12212',MFP GARIB RATH ,1060
'12213',DURONTO EXPRESS,2367
'12214',YPR DURONTO EXP,2367
'12215',DEE BDTS G RATH,1431
'12216',DEE GARIBRATH  ,1431
'12217',SAMPARK KRANTHI,3415
'12218',KERLA S KRANTI ,3415
'12219',SC DURONTO EXP ,773
'12220',DURONTO AC EXP ,773
'12221',HOWRAH DURONTO ,2020
'12222',HWH PUNE DURONT,2020
'12223',LTT ERS DURONTO,1599
'12224',ERS LTT DURONTO,1598
'12225',KAIFIYAT EXP   ,805
'12226',KAIFIYAT EXP   ,805
'12227',INDORE DURONTO ,829
'12228',MUMBAI DURONTO ,829
'12229',LUCKNOW MAIL   ,493
'12230',LUCKNOW MAIL   ,493
'12231',LKO CDG EXPRESS,667
'12232',CDG LKO EXPRESS,667
'12235',DBRG NDLS RAJEX,2453
'12236',NDLS DBRG RJDHN,2453
'12237',BEGAMPURA EXP  ,1261
'12238',BEGAMPURA EXP  ,1261
'12239',JAIPUR DURONTO ,1159
'12240',JP BCT DURONTO ,1159
'12241',CDG ASR SUP    ,248
'12242',ASR CDG SUP    ,248
'12243',SHATABDI EXP   ,497
'12244',SHATABDI EXP   ,497
'12245',HWH YPR DURONTO,1946
'12246',DURONTO EXPRESS,1946
'12247',BDTS NZM YUVA E,1366
'12248',NZM  BDTS  YUVA,1366
'12249',HWH NDLS YUVA E,1447
'12250',NDLS HWH YUVA  ,1447
'12251',WAINGANGA EXP  ,1614
'12252',WAINGANGA EXP  ,1605
'12253',ANGA EXPRESS   ,2488
'12254',ANGA EXPRESS   ,2488
'12257',KOCHUVELI GR   ,808
'12258',YESVANTPUR EXP ,808
'12259',NDLS  DURONTO  ,1452
'12260',SDAH DURONTO EX,1453
'12261',HOWRAH DURONTO ,1968
'12262',HWH CSTM DURONT,1968
'12263',NZM DURONTO EXP,1520
'12264',PUNE DURONTO EX,1520
'12265',DEE JAT DURONTO,578
'12266',DURONTO EXPRESS,578
'12267',ADI DURONTO EXP,491
'12268',BCT DURONTO EXP,491
'12269',DURONTO EXPRESS,2175
'12270',MAS DURONTO EXP,2176
'12273',NDLS   DURONTO ,1446
'12274',HWH DURONTO EXP,1446
'12275',NDLS DURONTO EX,634
'12276',ALD DURONTO EXP,634
'12277',SATABDI EXPRESS,502
'12278',SATABDI EXPRESS,502
'12279',TAJ EXPRESS    ,403
'12280',TAJ EXPRESS    ,403
'12281',BBS DURONTO EXP,1727
'12282',BBS DURONTO EXP,1727
'12283',ERS NZM DURONTO,2943
'12284',NZM ERS DURONTO,2943
'12285',NZM DURONTO  EX,1660
'12286',NZM SC DURONTO ,1660
'12287',DEHRADUN EXP   ,3459
'12288',DDN KCVL SUP EX,3459
'12289',NAGPUR DURONTO ,837
'12290',NGP CSTM DURONT,837
'12291',YPR CHENNAI EXP,370
'12292',YESVANTPUR EXP ,370
'12293',ALD DURONTO EXP,1348
'12294',ALD LTT DURONTO,1348
'12295',SANGHAMITRA EXP,2729
'12296',SANGHA MITRA EX,2727
'12297',PUNE DURONTO   ,635
'12298',ADI DURONTO EXP,635
'12301',KOLKATA RAJDHNI,1447
'12302',KOLKATA RJDHNI ,1447
'12303',POORVA EXPRESS ,1529
'12304',POORVA EXPRESS ,1529
'12305',KOLKATA RJDHNI ,1529
'12306',KOLKATA  RJDHNI,1529
'12307',HWH JU  EXPRESS,1813
'12308',JU HWH SUPFAST ,1813
'12309',RJPB RAJDHANI  ,1001
'12310',RJPB RAJDHANI  ,1001
'12311',HWH DLI KLK MAI,1743
'12312',KALKA MAIL     ,1743
'12313',SDAH RAJDHANIEX,1453
'12314',SEALDAH RJDHANI,1454
'12315',ANNANYA  EXPRES,2140
'12316',ANANYA EXPRESS ,2141
'12317',AKAL TAKHT EXP ,1898
'12318',AKAL TAKHAT EXP,1898
'12319',KOAA AGC EXPRES,1416
'12320',AGC KOAA EXP   ,1416
'12321',HWH MUMBAI MAIL,2176
'12322',KOLKATA MAIL   ,2176
'12323',HWH NDLS EXPRES,1447
'12324',NDLS HWH EXPRES,1447
'12325',KOAA NLDM EXP  ,1803
'12326',NLDM KOAA EXP  ,1803
'12327',UPASANA EXPRESS,1587
'12328',UPASANA EXPRESS,1587
'12329',W B SMPRK KRNTI,1448
'12330',W B SMPRK KRNTI,1448
'12331',HIMGIRI EXPRESS,2021
'12332',HIMGIRI EXPRESS,2021
'12333',VIBHUTI EXPRESS,882
'12334',VIBHUTI EXPRESS,882
'12335',BGP LTT EXPRESS,1916
'12336',BHAGALPUR EXP  ,1916
'12337',SANTINIKATANEXP,146
'12338',SANTINIKETANEXP,146
'12339',COAL FIELD EXP ,259
'12340',COALFIELD EXP  ,259
'12341',AGNIBINA EXPRES,200
'12342',AGNIBINA EXPRES,200
'12343',DARJEELING MAIL,624
'12344',DARJEELING MAIL,624
'12345',SARAIGHAT EXP  ,1020
'12346',SARAIGHAT EXP  ,1020
'12347',RAMPURHAT EXP  ,207
'12348',RAMPURHAT EXP  ,207
'12349',BGP NDLS EXP   ,1219
'12350',NDLS BGP EXPRES,1219
'12351',DANAPUR EXPRESS,541
'12352',DANAPUR HWH EXP,541
'12353',HWH LKU EXP    ,1344
'12354',LKU HWH EXP    ,1344
'12355',ARCHNA EXPRESS ,1515
'12356',ARCHANA EXPRESS,1515
'12357',DURGIANA EXP   ,1812
'12358',ASR KOAA SUP EX,1812
'12359',PNBE GARIB RATH,534
'12360',KOL GARIB RATH ,534
'12361',ASN CSTM EXPRES,2042
'12362',CSTM ASANSOL EX,2042
'12363',KOAA HDB SUPF E,620
'12364',HDB KOAA SF EXP,620
'12365',RNC JANSHATABDI,411
'12366',PNBE JANSHATABD,411
'12367',VIKRAMSHILA EXP,1205
'12368',VIKRAMSHILA EXP,1205
'12369',KUMBHA EXPRESS ,1536
'12370',HW HWH S F EXP ,1536
'12371',HWH JSM EXP    ,2245
'12372',JSM HWH SF EXP ,2245
'12373',SDAH RPH INTRCT,213
'12374',RPH SDAH INTRCT,213
'12375',MAS ASN EXPRESS,1732
'12376',ASN MAS EXPRESS,1732
'12377',PADATIK EXPRESS,567
'12378',PADATIK EXPRESS,567
'12379',JALIANWALAB EXP,1894
'12380',JALIANWALA B EX,1894
'12381',POORVA EXPRESS ,1446
'12382',POORVA EXPRESS ,1446
'12383',INTERCITY  EXP ,220
'12384',INTERCITY  EXP ,220
'12389',GAYA MS EXPRESS,2344
'12390',MS GAYA EXPRESS,2344
'12391',SHRAMJEEVI EXP ,1103
'12392',SHRAMJEVI N EXP,1103
'12393',S KRANTI SUP EX,1001
'12394',SAMPOORN K EXP ,1001
'12395',ZIYARAT EXPRESS,1305
'12396',ZIYARAT EXPRESS,1305
'12397',MAHABODHI EXP  ,989
'12398',MAHABODHI EXP  ,989
'12401',MAGADH EXPRESS ,1063
'12402',MAGADH EXPRESS ,1063
'12403',ALD JP EXPRESS ,780
'12404',JP  ALD EXPRESS,780
'12405',GONDWANA EXPRES,1476
'12406',GONDWANA EXPRES,1476
'12409',GONDWANA EXPRES,1626
'12410',GONDWANA EXPRES,1626
'12411',INTERCITY EXP  ,248
'12412',INTERCITY EXP  ,248
'12413',AII JAT EXPRESS,1017
'12414',JAMMU AII EXP  ,1017
'12415',NIZAMUDDIN EXP ,817
'12416',INTERCITY  EXP ,817
'12417',PRAYAG RAJ EXP ,634
'12418',PRAYAG RAJ EXP ,634
'12419',GOMTI EXP      ,513
'12420',GOMTI EXPRESS  ,513
'12421',NED ASR SUP EXP,1941
'12422',ASR NED SF EXP ,1941
'12423',DBRT RAJDHANI E,2438
'12424',DBRT RAJDHANI  ,2438
'12425',JAMMU RAJDHANI ,577
'12426',JAMMU RAJDHANI ,577
'12427',REWA ANVT EXP  ,847
'12428',ANVT REWA EXP  ,848
'12429',LKO NDLS AC SF ,493
'12430',NDLS LKO AC SF ,493
'12431',RAJDHANI EXP   ,3149
'12432',TRIVNDRM RJDHNI,3149
'12433',RAJDHANI EXP   ,2175
'12434',CHENNAI RAJDHNI,2175
'12435',DBRT RAJDHANI E,2459
'12436',NDLS DBRT RJDHN,2459
'12437',RAJDHANI EXP   ,1660
'12438',NZM SC RJDHNI  ,1660
'12439',RNC NDLS RAJ EX,1305
'12440',NDLS RNC RAJ EX,1305
'12441',BSP NDLS RAJ EX,1501
'12442',BILASPUR RJDHNI,1501
'12443',HLZ ANVT WKLY S,1576
'12444',ANVT HLZ S F EX,1576
'12445',UTTAR S KRANTI ,630
'12446',UTTAR S KRANTI ,630
'12447',U P SMPRK KRNTI,695
'12448',U P SMPRK KRNTI,695
'12449',GOA SMPRK K EXP,2367
'12450',GOA SMPRK K EXP,2367
'12451',SHRAM SHKTI EXP,440
'12452',SHRAM SHKTI EXP,440
'12453',RNC NDLS RAJ EX,1341
'12454',NDLS RNC RJDHNI,1341
'12455',DEE BKN SF EXP ,805
'12456',BKN DEE SF EXP ,805
'12457',DEE BKN  S F EX,458
'12458',BKN DEE S F EXP,458
'12459',NDLSASR EXPRESS,448
'12460',ASR NDLS EXP   ,448
'12461',MANDOR EXPRESS ,620
'12462',MANDOR EXPRESS ,620
'12463',RAJSTHN S KRANT,616
'12464',RJSTHN S KRNTI ,616
'12465',RANTHAMBORE EXP,911
'12466',INTERCITY EXP  ,911
'12467',LEELAN EXP     ,382
'12468',LEELAN EXP     ,382
'12469',CNB JAT EXPRESS,1026
'12470',JAT CNB EXPRESS,1026
'12471',SWARAJ EXPRESS ,1950
'12472',SWARAJ EXPRESS ,1950
'12473',SARVODAYA EXP  ,1669
'12474',SARVODAYA EXP  ,1669
'12475',HAPA JAT EXPRES,1992
'12476',JAT HAPA EXP   ,1992
'12477',JAM JAT EXPRESS,2000
'12478',JAT JAMNAGR EXP,2000
'12479',SURYA NAGRI EXP,935
'12480',SURYANAGARI EXP,935
'12481',INTERCITY EXP  ,424
'12482',INTERCITY EXP  ,424
'12483',AMRITSAR EXP   ,3597
'12484',ASR KCVL EXPRES,3597
'12485',NED SGNR EXPRES,1965
'12486',SGNR NED EXPRES,1965
'12487',SEEMANCHAL EXP ,1383
'12488',SEEMANCHAL EXP ,1383
'12489',BKN DDR SF EXP ,1245
'12490',DDR BIKANER EXP,1245
'12491',MOUR DHWAJ EXP ,1515
'12492',MAUR DHAWAJ EXP,1515
'12495',BKN KOAA SUP EX,1885
'12496',PRATAP EXPRESS ,1885
'12497',SHANE PUNJAB   ,448
'12498',SHANE PUNJAB   ,448
'12501',PORVOTR S KRNTI,1974
'12502',PORVOTR S KRNTI,1974
'12505',NORTH EAST EXP ,1866
'12506',NORTH EAST EXP ,1866
'12507',GUWAHATI EXP   ,3552
'12508',GHY TVC EXPRESS,3552
'12509',GUWAHATI EXP   ,2992
'12510',GHY SBC EXPRESS,2992
'12511',RAPTI SAGAR EXP,3253
'12512',RAPTISAGAR EXP ,3253
'12513',SC GHY EXP     ,2551
'12514',GHY SC EXPRESS ,2551
'12515',GUWAHATI EXP   ,3552
'12516',GHY TVC EXPRESS,3552
'12517',GHY GARIB RATH ,1027
'12518',KOL GARIB RATH ,1027
'12519',LTT KYQ AC EXP ,2587
'12520',KYQ LTT AC EXP ,2587
'12521',RAPTI SAGAR EXP,3441
'12522',RAPTISAGAR EXP ,3441
'12523',NJP NDLS EXPRES,1500
'12524',NDLS NJP SF EXP,1500
'12525',KOAA DBRG EXP  ,1583
'12526',DBRG KOAA EXP  ,1583
'12531',LJN INTERCITY  ,279
'12532',GKP INTERCITY  ,279
'12533',PUSHPAK EXP    ,1428
'12534',PUSHPAK EXPRESS,1428
'12535',LJN R GARIBRATH,919
'12536',LJN GARIBRATH  ,919
'12537',MANDUADIH EXP  ,544
'12538',MUV MFP EXPRESS,544
'12539',YPR LUCKNOW EXP,2553
'12540',LKO YPR SUP EXP,2532
'12541',GKP LTT SUP EXP,1680
'12542',LTT GKP SUP EXP,1682
'12543',TIRUPATHI EXP  ,345
'12547',AF ADI SF EXP  ,867
'12548',AGRA SUPER FAST,867
'12549',DURG JAT SF EXP,1873
'12550',JAT DURG SF EXP,1873
'12551',YPRKYQ AC EXP  ,3025
'12552',KYQ YPR AC EXP ,3025
'12553',VAISHALI EXP   ,1187
'12554',VAISHALI EXP   ,1185
'12555',GORAKDAM EXPRES,964
'12556',GORAKDAM EXPRES,964
'12557',SAPT KRANTI EXP,1060
'12558',SAPT KRANTI EXP,1060
'12559',SHIV GANGA EXP ,755
'12560',SHIV GANGA EXP ,755
'12561',SWATANTRA S EXP,1166
'12562',SWATANTRTA S EX,1166
'12565',BIHAR S KRANTI ,1174
'12566',BIHAR S KRANTI ,1174
'12567',RAJYA RANI EXP ,224
'12568',RAJYA RANI EXP ,224
'12569',JYG ANVT G RATH,1252
'12570',JYG GARIB RATH ,1252
'12577',BAGMATI EXPRESS,3047
'12578',BAGMATI EXPRESS,3047
'12581',MUV NDLS S F EX,755
'12582',NDLS MUV SF EXP,755
'12583',ANVT DOUBLE DKR,480
'12584',LJN DOUBLE DKR ,480
'12587',AMAR NATH EXP  ,1248
'12588',JAMMU GKP EXP  ,1248
'12589',GKP SC EXPRESS ,1829
'12590',GORAKHPUR EXP  ,1829
'12591',GKP YPR EXPRESS,2535
'12592',GORAKHPUR EXP  ,2517
'12593',LJN BPL G R    ,585
'12594',LJN GARIB RATH ,585
'12601',MANGALORE MAIL ,889
'12602',CHENNAI MAIL   ,889
'12603',HYDERABAD EXP  ,715
'12604',CHENNAI EXP    ,715
'12605',PALLAVAN EXP   ,426
'12606',PALLAVAN EXP   ,426
'12607',LALBAGH EXPRESS,362
'12608',LALBAGH EXP    ,362
'12609',BANGALORE EXP  ,362
'12610',CHENNAI EXPRESS,362
'12611',NZM GARIB RATH ,2175
'12612',MAS GARIB RATH ,2176
'12613',TIPPU EXPRESS  ,139
'12614',TIPPU EXPRESS  ,139
'12615',GRAND TRUNK EXP,2182
'12616',G T EXPRESS    ,2182
'12617',MANGALA LDWEEP ,3066
'12618',MNGLA LKSDP EXP,3066
'12619',MATSYAGANDHA EX,1186
'12620',MATSYAGANDA EXP,1186
'12621',TAMIL NADU EXP ,2182
'12622',TAMIL NADU EXP ,2182
'12623',TRIVANDRUM MAIL,922
'12624',CHENNAI MAIL   ,922
'12625',KERALA EXPRESS ,3035
'12626',KERALA EXPRESS ,3036
'12627',KARNATAKA EXP  ,2406
'12628',KARNATAKA EXP  ,2406
'12629',SAMPARK KRANTI ,2611
'12630',YPR S KRNTI EXP,2610
'12631',NELLAI EXPRESS ,653
'12632',NELLAI EXPRESS ,653
'12633',KANYAKUMARI EXP,742
'12634',KANYAKUMARI EXP,742
'12635',VAIGAI EXP     ,497
'12636',VAIGAI EXP     ,497
'12637',PANDIAN EXP    ,497
'12638',PANDIAN EXP    ,497
'12639',BRINDAVAN EXP  ,362
'12640',BRINDAVAN EXP  ,362
'12641',TIRUKKURAL EXP ,2921
'12642',THIRUKKURAL EXP,2921
'12643',NIZAMUDDIN EXP ,3013
'12644',SWARNA JAYANTI ,3013
'12645',NIZAMUDDIN EXP ,2807
'12646',ERS MILLENUM EX,2807
'12647',KONGU EXPRESS  ,2675
'12648',KONGU EXPRESS  ,2664
'12649',SAMPARK KRANTI ,2277
'12650',KTK SMPRK K EXP,2277
'12651',SAMPARK KRANTI ,2676
'12652',T N SMPRK KRNTI,2676
'12655',NAVJEEVAN EXP  ,1891
'12656',NAVAJIVAN EXP  ,1891
'12657',BANGALORE MAIL ,362
'12658',CHENNAI MAIL   ,362
'12659',GURUDEV EXPRESS,2584
'12660',GURUDEV EXPRESS,2584
'12661',POTHIGAI  EXP  ,670
'12662',POTHIGAI   EXP ,670
'12663',HWH TPJ EXPRESS,2025
'12664',HOWRAH EXPRESS ,2025
'12665',KANNYAKUMARI EX,2431
'12666',CAPE HOWRAH EXP,2431
'12667',NAGERCOIL EXP  ,727
'12668',CHENNAI EXP    ,727
'12669',GANGAKAVERI EXP,2342
'12670',GANGAKAVERI EXP,2342
'12671',NILAGIRI EXP   ,532
'12672',NILAGIRI EXP   ,532
'12673',CHERAN EXPRESS ,497
'12674',CHERAN EXPRESS ,497
'12675',KOVAI EXPRESS  ,497
'12676',KOVAI EXP      ,497
'12677',ERNAKULAM EXP  ,587
'12678',BANGALORE EXP  ,587
'12679',COIMBATORE EXP ,497
'12680',CHENNAI EXPRESS,497
'12681',COIMBATORE EXP ,497
'12682',CHENNAI EXP    ,497
'12683',BANGALORE SF EX,625
'12684',ERNAKULAM SF EX,625
'12685',MANGALORE EXP  ,889
'12686',CHENNAI EXP    ,889
'12687',DEHRADUN EXP   ,3095
'12688',DDN MDU SF EXP ,3087
'12689',NAGERCOIL EXP  ,927
'12690',NCJ CHENNAI EXP,927
'12691',SSPN EXPRESS   ,529
'12692',CHENNAI EXPRESS,529
'12693',PEARL CITY EXP ,656
'12694',PEARL CITY EXP ,656
'12695',TRIVANDRUM EXP ,922
'12696',TVC CHENNAI EXP,922
'12697',TRIVANDRUM EXP ,909
'12698',TVC CHENNAI EXP,909
'12701',HUSAINSAGAR EXP,790
'12702',HUSSAINSAGAR EX,790
'12703',FALAKNUMA EXP  ,1545
'12704',FALAKNUMA EXP  ,1545
'12705',GNT SC EXP     ,383
'12706',SC GNT EXP     ,383
'12707',A P SMPRK KRNTI,2303
'12708',AP SMPRK KRANTI,2303
'12709',SIMHAPURI EXP  ,644
'12710',SIMHAPURI EXP  ,644
'12711',PINAKINI EXP   ,431
'12712',PINAKINI EXP   ,431
'12713',SATAVAHANA EXP ,351
'12714',SATAVAHANA EXP ,351
'12715',SACHKHAND EXP  ,2081
'12716',ASR NED EXPRESS,2081
'12717',RATNACHALAM EXP,351
'12718',RATNACHAL EXP  ,351
'12719',AII HYB SF EXP ,1711
'12720',HYB AII SUP EXP,1711
'12721',NIZAMUDDIN EXP ,1670
'12722',DAKSHIN EXPRESS,1670
'12723',A P EXP        ,1677
'12724',A P EXPRESS    ,1677
'12725',INTERCITY EXP  ,490
'12726',INTERCITY EXP  ,490
'12727',GODAVARI EXP   ,711
'12728',GODAVARI EXP   ,711
'12729',PUNE NANDED EXP,662
'12730',PUNE EXPRESS   ,662
'12731',TPTY SC EXP    ,801
'12732',SC TPTY SUP EXP,801
'12733',NARAYANADRI EXP,661
'12734',NARAYANADRI EXP,661
'12735',YPR GARIB RATH ,688
'12736',SC GARIB RATH  ,688
'12737',GOUTAMI EXP    ,565
'12738',GOUTAMI EXP    ,565
'12739',VSKP GARIB RATH,701
'12740',VSKP GARIB RATH,701
'12741',VSG PATNA EXP  ,2418
'12742',PNBE VSG EXPRES,2418
'12747',PALNADU EXP    ,353
'12748',PALNADU EXP    ,353
'12759',CHARMINAR EXP  ,790
'12760',CHARMINAR EXP  ,790
'12761',TPTY KRMR  EXP ,714
'12762',KRMR TPTY   EXP,714
'12763',PADMAVATHI EXP ,737
'12764',PADMAVATI EXP  ,737
'12765',TPTY AMI SUP EX,1307
'12766',AMI TPTY SUP EX,1307
'12767',NED  SRC SUP EX,1653
'12768',NED  WKLY  EXP ,1653
'12769',SEVEN HILLS EXP,712
'12770',SEVEN HILLS EXP,712
'12771',SC NGP SUP EXP ,578
'12772',NGP SC SUP EXP ,578
'12773',SHM SC AC  EXP ,1580
'12774',SC SHM AC  EXP ,1580
'12775',COCANADA EXP   ,591
'12776',COCANADA EXP   ,591
'12777',KOCHUVELI EXP  ,1307
'12778',HUBLI EXP      ,1307
'12779',GOA EXPRESS    ,2202
'12780',GOA EXPRESS    ,2201
'12781',SWARNA JAYANTHI,2618
'12782',SWARNA JAYANTHI,2617
'12783',VSKP SC AC EXP ,701
'12784',SC  VSKP AC EXP,701
'12785',BANGALORE EXP  ,625
'12786',KACHEGUDA EXP  ,625
'12791',SC PNBE EXPRESS,1840
'12792',PNBE SC EXP    ,1840
'12797',VENKATADRI EXP ,708
'12798',VENKATADRI EXP ,708
'12801',PURUSHOTTAM EXP,1862
'12802',PURSHOTTAM EXP ,1862
'12803',SWARNAJAYANTI E,2095
'12804',VSKP SWRN J EXP,2095
'12805',JANMABHOOMI EXP,689
'12806',JANMABHOOMI EXP,689
'12807',SAMTA EXPRESS  ,1911
'12808',SAMTA EXPRESS  ,1911
'12809',HOWRAH MAIL    ,1968
'12810',HWH MUMBAI MAIL,1968
'12811',HATIA EXPRESS  ,1706
'12812',HTE LTT SUPER  ,1706
'12813',STEEL EXPRESS  ,250
'12814',STEEL EXP      ,250
'12815',NANDAN KANAN EX,1804
'12816',NANDAN KANAN EX,1804
'12817',JHARKHAND SJ EX,1299
'12818',JHARKHAND EXPRE,1302
'12819',ORISSA S KRANTI,1793
'12820',ORISSA S KRNTI ,1799
'12821',DHAULI EXP     ,502
'12822',DHAULI EXP     ,502
'12823',C G SMPRK KRNTI,1284
'12824',CHTSGRH S KRNTI,1284
'12825',JHRKHND S KRANT,1305
'12826',JHRKHND S KRNTI,1308
'12827',HWH PRR EXP    ,323
'12828',PRR HWH EXP    ,323
'12829',BHUBANESWAR EXP,1223
'12830',BBS CHENNAI EXP,1223
'12831',BBS  GARIB RATH,780
'12832',DHN GARIB RATH ,780
'12833',HOWRAH EXPRESS ,2087
'12834',HWH ADI EXPRESS,2087
'12835',HTE YPR EXPRESS,1904
'12836',YPR HATIA EXP  ,1904
'12837',HWH PURI EXP   ,502
'12838',PURI HWH EXPRES,502
'12839',HWH MAS MAIL   ,1662
'12840',HOWRAH MAIL    ,1662
'12841',COROMANDAL EXP ,1662
'12842',COROMANDEL EXP ,1662
'12843',PURI  ADI EXP  ,2130
'12844',ADI PURI EXP   ,2130
'12845',BBS YPR SUP EXP,1524
'12846',BHUBANESHWAR EX,1524
'12847',HWH DGHA DURONT,186
'12848',DGHA HWH DURONT,186
'12849',BSP PUNE SUP EX,1301
'12850',PA BILASPUR EXP,1300
'12851',BSP MAS EXP    ,1412
'12852',BILASPUR EXPRES,1412
'12853',AMARKANTAK EXP ,894
'12854',AMARKANTAK EXP ,894
'12855',NAGPUR INTERCIT,411
'12856',BSP INTERCITY  ,411
'12857',TAMRALIPTA EXP ,186
'12858',TAMRALIPTA EXP ,186
'12859',GITANJALI EXP  ,1968
'12860',GITANJALI EXP  ,1968
'12861',LINK DAKSIN EXP,2097
'12863',HWH YPR EXPRESS,1963
'12864',YPR HOWRAH EXP ,1963
'12865',LALMATI EXPRESS,340
'12866',LALMATI EXPRESS,340
'12867',HWH PDY EXP    ,1920
'12868',PDY HOWRAH EXP ,1920
'12869',HOWRAH SUP EXP ,1968
'12870',HWH CSTM EXPRES,1968
'12871',ISPAT EXPRESS  ,745
'12872',ISPAT EXPRESS  ,745
'12873',JHARKHAND S J E,1334
'12874',JHARKHAND EXP  ,1334
'12875',NEELACHAL EXP  ,1912
'12876',NEELACHAL EXP  ,1912
'12877',RNC GARIB RATH ,1341
'12878',NDLS RNC G RATH,1344
'12879',LTT BBS SUP EXP,1788
'12880',BBS LTT SF EXP ,1788
'12881',HWH PURI G RATH,502
'12882',PURI HWH G RATH,502
'12883',RUPASIBANGLA EX,326
'12884',RUPASIBANGLA EX,333
'12885',ARANYAK EXPRESS,311
'12886',ARANYAK EXPRESS,311
'12887',HWH PURI EXPRES,502
'12888',PURI HWH EXPRES,502
'12889',TATA YPR EXP   ,1898
'12890',YPR TATA EXP   ,1901
'12891',BGY  BBS EXPRES,313
'12892',BBS BPO EXPRESS,313
'12893',BLGR  EXPRESS  ,397
'12894',BBS EXPRESS    ,397
'12895',HWH PURI EXPRES,502
'12896',PURI HWH EXPRES,502
'12897',PDY BBS EXPRESS,1424
'12898',BBS PDY EXPRESS,1424
'12901',GUJARAT MAIL   ,491
'12902',GUJARAT MAIL   ,491
'12903',GOLDENTEMPLE ML,1891
'12904',GOLDN TEMPLE ML,1891
'12905',PBR HOWRAH EXP ,2551
'12906',HWH PBR  OKHAEX,2551
'12907',BDTS SMPRK K EX,1366
'12908',MHRST SMPRK K E,1366
'12909',NZM GARIB RATH ,1366
'12910',BDTS GARIB RATH,1366
'12911',BL HARIDWAR EXP,1433
'12912',HW BL SUP EXP  ,1433
'12913',TRISHATABDI EXP,652
'12914',TRISHATABDI EXP,652
'12915',ASHRAM EXPRESS ,934
'12916',ASHRAM EXPRESS ,933
'12917',GUJARAT SMPRK K,1085
'12918',GUJRAT S KRANTI,1085
'12919',MALWA EXPRESS  ,1540
'12920',MALWA EXPRESS  ,1540
'12921',FLYING RANEE   ,263
'12922',FLYING RANEE   ,263
'12923',INDB NAGPUR EXP,607
'12924',NGP INDORE EXP ,607
'12925',PASCHIM EXPRESS,1821
'12926',PASCHIM EXPRESS,1821
'12927',VADODARA EXP   ,392
'12928',VADODARA EXP   ,392
'12931',ADI DOUBLE DECK,491
'12932',BCT DOUBLEDECKE,491
'12933',KARNAVATI EXP  ,491
'12934',KARNAVATI EXP  ,491
'12935',BDTS SURAT EXP ,252
'12936',SURAT BDTS EXP ,252
'12937',GARBHA EXPRESS ,2510
'12938',GARBHA EXPRESS ,2510
'12939',PUNE JAIPUR EXP,1302
'12940',JP PUNE SF EXP ,1302
'12941',BVC ASANSOL EXP,2318
'12942',PARASNATH EXP  ,2318
'12943',UDYOGKARMI EXP ,1305
'12944',UDHYOGKARMI EXP,1305
'12945',MAHUVA EXPRESS ,630
'12946',SURAT EXPRESS  ,629
'12947',AZIMABAD EXPRES,1772
'12948',AZIMABAD EXPRES,1772
'12949',KAVIGURU EXPRES,2657
'12950',PBR KAVIGURU EX,2667
'12951',MUMBAI RAJDHANI,1384
'12952',MUMBAI RAJDHANI,1384
'12953',AUG KR RAJ EXP ,1377
'12954',AG KRANTI RJDHN,1377
'12955',BCT JP EXPRESS ,1159
'12956',JP BCT SUPFAST ,1159
'12957',SWARNA J RAJ EX,934
'12958',ADI SJ RAJDHANI,934
'12959',DADAR BHUJ EXP ,977
'12960',BHUJ DADAR EXP ,977
'12961',AVANTIKA EXP   ,829
'12962',AVANTIKA EXP   ,829
'12963',MEWAR EXPRESS  ,743
'12964',MEWAR EXPRESS  ,743
'12967',JAIPUR EXP     ,2184
'12968',JP MADRAS EXPRE,2184
'12969',CBE JAIPUR EXP ,2680
'12970',JP CBE SUP EXP ,2680
'12971',BHAVNAGAR EXP  ,778
'12972',BVC BDTS EXPRES,778
'12973',JAIPUR EXPRESS ,599
'12974',JP INDB EXPRESS,599
'12975',JAIPUR EXPRESS ,2479
'12976',JP MYSORE EXP  ,2479
'12977',MARU SAGAR EXP ,2859
'12978',MARU SAGAR EXP ,2859
'12979',JAIPUR SUP FAST,1148
'12980',JP BDTS SUP EXP,1148
'12981',CHETAK EXP     ,673
'12982',CHETAK EXP     ,673
'12983',AII CDG G RATH ,740
'12984',CDG AII G RATH ,740
'12985',DEE DOUBLE DCKE,303
'12986',JP DOUBLE DCKER,303
'12987',SDAH AJMER EXP ,1642
'12988',AII SDAH EXPRES,1642
'12989',AJMER EXPRESS  ,976
'12990',AII DDR  EXPRES,976
'12991',UDZ JP EXP     ,435
'12992',JP UDZ EXP     ,435
'12993',GIMB PURI EXP  ,2283
'12994',PURI GIMB  EXP ,2283
'12995',BDTS AII UDZ EX,945
'12996',UDZ BDTS SF EXP,945
'13005',AMRITSAR MAIL  ,1910
'13006',ASR HWH MAIL   ,1910
'13007',U ABHATOOFAN EX,1978
'13008',U A TOOFAN EXP ,1978
'13009',DOON EXPRESS   ,1557
'13010',DOON EXPRESS   ,1557
'13011',HWH MLDT INT EX,340
'13012',MLDT HWH INT EX,340
'13017',GANADEVTA EXP  ,278
'13018',GANADEVTA EXP  ,278
'13019',BAGH EXPRESS   ,1521
'13020',BAGH EXPRESS   ,1521
'13021',MITHILA EXPRESS,693
'13022',MITHILA EXPRESS,693
'13023',HWH GAYA EXPRES,654
'13024',GAYA HWH EXPRES,654
'13025',HWH BPL EXPRESS,1459
'13026',BPL HOWRAH EXP ,1459
'13027',KAVI GURU EXP  ,278
'13028',KAVI GURU EXP  ,278
'13043',HWH RXL EXPRESS,699
'13044',RXL HWH EXPRESS,699
'13049',AMRITSAR EXP   ,1922
'13050',ASR HWH EXPRESS,1922
'13051',HOOL EXPRESS   ,241
'13052',HOOL EXPRESS   ,241
'13053',HWH SURI EXP   ,211
'13054',SURI HWH EXP   ,211
'13063',HWH BLGT EXP   ,437
'13064',BLGT HWH EXPRES,437
'13071',HWH JMP EXPRESS,467
'13072',JMP HWH EXP    ,467
'13103',BHAGIRATHI EXP ,227
'13104',BHAGIRATHI EXP ,227
'13105',SDAH BUI EXPRES,679
'13106',BUI SDAH EXP   ,679
'13107',MAITREE EXPRESS,375
'13108',MAITREE EXPRESS,375
'13109',MAITREE EXPRESS,375
'13110',MAITREE EXPRESS,375
'13113',HAZARDUARI EXP ,223
'13114',HAZARDUARI EXP ,223
'13117',KOAA LGL EXPRES,223
'13118',LGL KOAA EXPRES,223
'13119',SDAH  DLI EXP  ,1640
'13120',DLI  SDAH EXP  ,1640
'13131',KOAA ANVT EXP  ,1532
'13132',ANVT KOAA EXP  ,1532
'13133',SDAH BSB EXP   ,871
'13134',BSB SDAH EXPRES,871
'13135',KOAA JYG EXP   ,620
'13136',JYG KOAA EXP   ,620
'13137',KOAA AMH EXPRES,787
'13138',AMH KOAA EXP   ,787
'13141',TESTA TORSA EXP,716
'13142',TESTA TORSA EXP,716
'13145',RADHIKAPUR EXP ,476
'13146',RADHIKAPUR EXP ,476
'13147',UTTAR BANGA EXP,693
'13148',UTTAR BANGA EXP,693
'13149',KANCHANKANYA EX,735
'13150',KANCHANKANYA EX,735
'13151',JAMMU TAWI EXP ,1981
'13152',KOLKATA EXP    ,1981
'13153',GOUR EXPRESS   ,347
'13154',GOUR EXP       ,347
'13155',MITHILANCHAL EX,619
'13156',MITHILANCHAL EX,619
'13157',TIRHUT EXPRESS ,566
'13158',TIRHUT EXPRESS ,566
'13159',KOLKATA JBN EXP,542
'13160',JBN KOLKATA EXP,542
'13161',KOAA BLGT EXP  ,437
'13162',BLGT KOAA EXP  ,437
'13163',HATE BAZARE EXP,589
'13164',HATE BAZARE EXP,589
'13165',KOAA SMI EXPRES,607
'13166',SMI KOAA EXP   ,607
'13167',KOAA AGC EXPRES,1461
'13168',AGC KOAA EXP   ,1461
'13185',GANGASAGAR EXP ,624
'13186',GANGA SAGAR EXP,624
'13187',SDAH RPH EXP   ,226
'13188',RPH SDAH EXP   ,226
'13201',RJPB LTT EXP   ,1697
'13202',LTT RJPB EXP   ,1697
'13225',INTERCITY EXPRE,277
'13226',INTERCITY EXPRE,277
'13233',RAJGRIHA EXPRES,109
'13234',RAJGRIHA EXPRES,109
'13235',INTERCITY EXP  ,306
'13236',INTERCITY EXP  ,306
'13237',PNBE KOTA EXP  ,1262
'13238',KOTA PNBE EXP  ,1262
'13239',PNBE KOTA EXP  ,1222
'13240',KOTA PNBE EXP  ,1222
'13241',BANKA RJPB EXP ,272
'13242',RJPB BANKA EXP ,272
'13245',CAPITAL EXPRESS,501
'13246',CAPITAL EXP    ,501
'13247',DNR CAPITAL EXP,980
'13248',KYQ CAPITAL EXP,980
'13255',PPTA CDG EXP   ,1175
'13256',CDG  PPTA EXP  ,1175
'13281',NTSK  RJPB  EXP,1488
'13282',RJPB NTSK EXP  ,1488
'13287',SOUTH BIHAR EXP,1113
'13288',SOUTH BIHAR EXP,1113
'13301',SUBARNAREKHA EX,193
'13302',SUBARNAREKHA EX,193
'13307',GANGASUTLEJ EXP,1599
'13308',GANGASATLUJ EXP,1599
'13329',GANGADAMODAR EX,291
'13330',GANGADAMODAR EX,291
'13331',DHN PNBE EXPRES,373
'13332',PNBE DHN EXPRES,373
'13345',SGRL INTERCITY ,211
'13346',BSB INTERCITY E,211
'13347',PALAMOU EXPRESS,494
'13348',PALAMOU EXP    ,494
'13351',DHN ALAPPUZHA E,2536
'13352',DHANBAD EXPRESS,2536
'13401',INTERCITY   EXP,231
'13402',INTERCITY  EXP ,231
'13403',VANANCHAL EXP  ,558
'13404',VANANCHAL EXP  ,561
'13413',FARAKKA EXPRESS,1418
'13414',FARKKA EXPRESS ,1418
'13415',MLDT PNBE EXPRE,399
'13416',PNBE MLDT EXPRE,399
'13417',DGHA MLDT EXP  ,653
'13418',MLDT DGHA EXP  ,653
'13419',JANASEWA EXPRES,240
'13420',JANSEWA EXPRESS,240
'13423',BGP AII EXPRESS,1750
'13424',AII BGP EXP    ,1750
'13425',MLDT ST EXP    ,2126
'13426',ST MALDA TOWN E,2123
'13429',MLDT ANVT EXP  ,1408
'13430',ANVT MLDT EXP  ,1408
'13465',INTERCITY EXP  ,331
'13466',INTERCITY EXP  ,331
'13483',FARAKKA EXPRESS,1458
'13484',FARAKKA EXPRESS,1458
'13507',ASN GKP EXPRESS,644
'13508',GKP ASN EXPRESS,644
'13509',ASN GD EXPRESS ,862
'13510',GD ASN EXPRESS ,862
'13511',TATA ASN EXP   ,167
'13512',TATANAGAR  EXP ,167
'14001',DLI ATTARI EXP ,472
'14002',ATTARI DLI EXP ,472
'14003',MLDT NDLS EXPRE,1421
'14004',NDLS MLDT EXP  ,1421
'14005',LICHCHAVI EXP  ,1193
'14006',LICHCHAVI EXP  ,1193
'14007',SADBHAWNA EXP  ,1253
'14008',SADHBHAWNA EXP ,1253
'14009',PATALKOT EXP   ,1050
'14010',PATALKOT EXP   ,1050
'14011',DLI HSX EXP    ,402
'14012',HSX DLI EXP    ,402
'14013',SLN DLI EXP    ,645
'14014',SULTANPUR EXP  ,645
'14015',SADBHAWANA EXP ,1236
'14016',SADHBHAWNA EXP ,1236
'14017',SADBHAVNA EXP  ,1293
'14018',SADBHAVNA EXP  ,1293
'14033',JAMMU MAIL     ,637
'14034',JAMMU MAIL     ,637
'14035',DAULADHAR EXP  ,496
'14036',DHAULADHAR EXP ,496
'14037',DLI PTK EXP    ,554
'14038',PTK DLI EXP    ,554
'14041',MUSSOORIE EXP  ,339
'14042',MUSSOORIE EXP  ,339
'14043',GARHWAL EXPRESS,238
'14044',GARHWAL EXPRESS,238
'14055',BRAHMPUTRA MAIL,2588
'14056',BRAHMPUTRA MAIL,2588
'14095',HIMALYAN QUEEN ,305
'14096',HIMALAYAN QUEEN,305
'14114',LINK EXPRESS   ,863
'14115',ALD HW EXP     ,725
'14116',HW ALD EXP     ,725
'14119',KGM DDN EXPRESS,335
'14120',DDN KGM EXPRESS,335
'14151',CNB ANVT EXP   ,479
'14152',ANVT CNB EXP   ,479
'14153',CNB ASR EXP    ,898
'14154',ASR CNB EXPRESS,898
'14155',CNB JAT EXP    ,1017
'14156',JAT CNB EXP    ,1017
'14163',SANGAM EXPRESS ,639
'14164',SANGAM EXP     ,639
'14203',BSB LKO INTRCIT,302
'14204',LKO BSB INTRCIT,302
'14205',FD DLI EXP     ,615
'14206',DLI FD EXP     ,615
'14207',PADMAVAT EXPRES,660
'14208',PADMAVAT EXPRES,660
'14209',BDL LKO INTRCTY,284
'14210',LKO BDL INTRCIT,284
'14211',INTERCITY EXP  ,195
'14212',INTERCITY EXP  ,195
'14213',BSB GD INTERCIT,256
'14214',GD BSB INTERCIT,256
'14215',GANGA GOMTI EXP,201
'14216',GANGA GOMTI EXP,201
'14217',UNCHAHAR EXP   ,913
'14218',UNCHAHAR EXP   ,913
'14219',BSB LKO EXP    ,302
'14220',LKO BSB EXP    ,302
'14223',BUDH PURNIMA EX,410
'14224',BUDHPURNIMA EXP,410
'14227',VARUNA EXPRESS ,284
'14228',VARUNA EXP     ,284
'14235',BSB BE EXPRESS ,559
'14236',BE BSB EXPRESS ,559
'14257',K V EXP        ,794
'14258',KASHI V EXPRESS,794
'14259',RMM VARANASI EX,2795
'14260',BSB RMM EXPRESS,2795
'14265',BSB DDN EXP    ,846
'14266',DDN BSB EXPRESS,846
'14307',PRG BE EXPRESS ,461
'14308',BE LKO ALD PASS,461
'14309',UJJAINI EXPRESS,1245
'14310',UJJAIYANI EXP  ,1245
'14311',ALA HAZRAT EXP ,1543
'14312',ALA HAZRAT EXP ,1543
'14313',BAREILLY EXP   ,1608
'14314',BE LTT EXPRESS ,1608
'14315',INTERCITY EXP  ,258
'14316',INTERCITY EXP  ,258
'14317',IND DDN EXPRESS,1183
'14318',DDN INDB EXP   ,1179
'14319',INDB BARELLY EX,1044
'14320',BE INDB EXPRESS,1044
'14321',BE BHUJ EXP    ,1410
'14322',BAREILLY EXPRES,1410
'14323',NDLS ROK EXP   ,72
'14324',ROK NDLS EXP   ,72
'14369',TRIBENI EXPRESS,723
'14370',TRIVENI EXP    ,723
'14501',BTI JAT EXP    ,524
'14502',JAT BTI EXP    ,524
'14503',KLK SVDK EXPRES,492
'14504',SVDK KLK EXP   ,492
'14511',NAUCHANDI EXP  ,774
'14512',NAUCHANDI EXP  ,774
'14519',KISAN EXPRESS  ,337
'14520',KISAN EXPRESS  ,337
'14521',DLI UMB EXP    ,262
'14522',UMB DLI  EXP   ,262
'14523',HARIHARNATH EXP,1201
'14524',UMB MFP EXPRESS,1201
'14525',SGNR INTERCITY ,328
'14526',UMB INTERCITY  ,328
'14553',HIMACHAL EXP   ,399
'14554',HIMACHAL EXPRES,399
'14555',BAREILLY DLI EX,274
'14556',BAREILLY EXP   ,274
'14605',GARIB RATH EXP ,698
'14606',GARIB RATH EXP ,698
'14609',HEMKUNT EXP    ,558
'14610',HEMKUNT EXP    ,558
'14625',FZR INTERCITY  ,383
'14626',DEE INTERCITY  ,383
'14631',DDN ASR EXPRESS,463
'14632',ASR DDN EXPRESS,463
'14645',SHALIMAR EXP   ,640
'14646',SHALIMAR EXP   ,640
'14649',SARYU YAMUNA EX,1670
'14650',SARYUYAMUNA EXP,1670
'14659',DLI JSM EXPRESS,921
'14660',JSM DLI EXPRESS,921
'14662',MALANI EXP     ,829
'14673',SHAHEED EXPRESS,1654
'14674',SHAHEED EXP    ,1654
'14681',NDLS JUC EXPRES,439
'14682',JUC NDLS EXPRES,439
'14705',DEE BGKT EXP   ,625
'14706',BGKT DEE EXP   ,625
'14707',RANAKPUR EXPRES,1212
'14708',RANAKPUR EXPRES,1213
'14709',BKN PURI EXP   ,2097
'14710',PURI BKN EXPRES,2097
'14711',RKSH SGNR EXP  ,508
'14712',SGNR RKSH EXP  ,508
'14713',SGNR JAT EXP   ,549
'14714',JAT SGNR EXP   ,549
'14723',KALINDI EXPRESS,605
'14724',KALINDI EXPRESS,605
'14731',DLI FKA EXP    ,522
'14732',FKA DLI EXP    ,522
'14803',BGKT ADI EXPRES,480
'14804',ADI BGKT EXPRES,480
'14805',BARMER AC EXP  ,2251
'14806',BME YPR AC EXP ,2251
'14809',JSM JU EXPRESS ,301
'14810',JU JSM EXPRESS ,301
'14853',MARUDHAR EXPRES,1203
'14854',MARUDHAR EXPRES,1203
'14863',MARUDHAR EXPRES,1163
'14864',MARUDHAR EXPRES,1163
'14865',MARUDHAR EXPRES,1181
'14866',MARUDHAR EXPRES,1181
'14887',KLK BME EXPRESS,1117
'14888',BARMER  KLK EXP,1117
'14889',JU MBF LINK EXP,325
'14890',MBF BGKT EXP   ,325
'15001',MFP DDN EXP    ,1124
'15002',DDN MFP EXP    ,1124
'15003',CHAURICHAURAEXP,552
'15004',CHAURICHAURAEXP,552
'15005',GKP DDN EXPRESS,815
'15006',DDN GKP EXP    ,815
'15007',MUV LJN EXPRESS,513
'15008',LJN MUV EXP    ,513
'15009',CHITRAKUT  EXP ,584
'15011',LJN CDG EXPRESS,724
'15012',CDG LJN EXPRESS,724
'15013',RANIKHET EXP   ,1256
'15014',RANIKHET EXP   ,1256
'15015',GKP YPR EXPRESS,2535
'15016',YPR GORAKPUR EX,2517
'15017',GORAKHPUR EXP  ,1713
'15018',GKP LTT EXP    ,1713
'15021',SHM GKP EXPRESS,1050
'15022',GKP SHM EXPRESS,1050
'15023',GKP YPR EXP    ,2473
'15024',YPR GKP EXP    ,2473
'15025',MAU ANVT EXPRES,833
'15026',ANVT MAU EXP   ,833
'15027',MAURYA EXP     ,854
'15028',MAURYA EXPRESS ,864
'15029',GKP PUNE EXP   ,1750
'15030',PUNE GKP EXPRES,1750
'15031',RMR CDG EXP    ,419
'15032',CDG RMR  EXP   ,419
'15033',HW RMR EXP     ,245
'15034',RMR HW EXP     ,245
'15035',UTR SAMPRK K EX,278
'15036',UTR SAMPRK K EX,278
'15043',LJN KGM EXP    ,342
'15044',KGM LJN EXP    ,342
'15045',GKP OKHA EXPRES,2309
'15046',GORAKHPUR EXP  ,2309
'15047',PURBANCHAL EXP ,859
'15048',PURVANCHAL EXP ,859
'15049',KOAA  GKP  EXP ,883
'15050',GKP KOLKATA EXP,883
'15051',KOAA GKP EXP   ,875
'15052',GKP KOLKATA EXP,875
'15053',CPR LJN EXP    ,537
'15054',LJN CPR EXP    ,537
'15057',GKP ANVT EXP   ,750
'15058',ANVT GKP EXP   ,750
'15097',AMARNATH EXP   ,1785
'15098',AMARNATH EXP   ,1790
'15103',MUV INTERCITY  ,235
'15104',GKP INTERCITY  ,235
'15107',CPR MTJ EXPRESS,884
'15108',MTJ CPR EXPRESS,884
'15110',BUDHPURNIMA EXP,410
'15111',MUV  INTERCITY ,231
'15112',CPR INTERCITY  ,231
'15115',CPR DLI EXP    ,1000
'15116',DLI CPR EXP    ,1000
'15117',MUV JBP EXPRES ,488
'15118',JBP MUV EXPRESS,488
'15159',SARNATH EXPRESS,1083
'15160',SARNATH EXPRESS,1083
'15203',BJU LJN EXP    ,674
'15204',LJN BJU EXP    ,674
'15205',CHITRAKUT  EXP ,584
'15206',CHITRAKUT EXP  ,584
'15227',MUZAFFARPUR EXP,2733
'15228',MFP YPR EXP    ,2733
'15231',BJU GONDIA EXP ,1523
'15232',GONDIA BJU EXP ,1523
'15233',KOAA DBG EXP   ,539
'15234',DBG KOAA EXPRES,539
'15235',HWH DBG EXPRESS,536
'15236',DBG HWH EXPRESS,536
'15273',SATYAGRAH EXP  ,964
'15274',SATYAGRAH EXP  ,964
'15279',POORBIYA EXP   ,1210
'15280',POORABIYA EXP  ,1210
'15307',NAINITAL EXP   ,310
'15308',NAINITAL EXP   ,310
'15315',GOKUL EXP      ,392
'15316',GOKUL EXPRESS  ,392
'15483',MAHANANDA EXP  ,1651
'15484',MAHANANDA EXP  ,1651
'15603',INTER CITY EXP ,578
'15604',INTERCITY  EXP ,578
'15605',JTTN INTERCITY ,560
'15606',GHY INTERCITY  ,560
'15615',INTERCITY EXP  ,183
'15616',INTERCITY EXP  ,183
'15617',GHY NHLN I C EX,333
'15618',NHLN GHY IC EXP,333
'15619',GAYA KYQ WKLY E,1091
'15620',KYQ GYA WKLY EX,1091
'15621',KYQ ANVT EXPRES,1905
'15622',ANVT KYQ EXPRES,1905
'15629',GUWAHATI EXPRES,2790
'15630',GUWAHATI MS EXP,2790
'15631',BME GHY EXPRESS,2473
'15632',GHY BME BKN EXP,2473
'15635',GUWAHATI EXPRES,3237
'15636',DWARKA  EXPRESS,3237
'15639',PURI GHY EXPRES,1522
'15640',GHY PURI EXPRES,1522
'15643',PURI KYQ EXPRES,1572
'15644',KYQ PURI EXPRES,1572
'15645',GUWAHATI EXPRES,2593
'15646',GHY LTT EXP    ,2593
'15647',GUWAHATI EXPRES,2734
'15648',GHY LTT EXPRESS,2735
'15651',LOHIT EXPRESS  ,2352
'15652',LOHIT EXPRESS  ,2351
'15653',AMARNATH EXPRES,2431
'15654',JAMMU GHY EXPRE,2431
'15657',KANCHANJANGA EX,975
'15658',KANCHANJUNGA EX,975
'15661',RNC  KYQ EXPRES,1216
'15662',KYQ RNC EXPRESS,1216
'15665',B  G  EXPRESS  ,256
'15666',B G EXPRESS    ,256
'15667',KAMAKHYA EXPRES,3161
'15668',KYQ GIMB EXPRES,3161
'15669',NAGALAND EXPRES,256
'15670',NAGALAND EXPRES,256
'15707',KIR ASR EXPRESS,1807
'15708',ASR KIR EXPRESS,1805
'15711',HWH KIR EXPRESS,422
'15712',KIR HWH EXPRESS,422
'15713',INTERCITY EXP  ,290
'15714',INTERCITY EXP  ,290
'15715',GARIB NAWAJ EXP,1835
'15716',GARIB NAWAJ EXP,1835
'15719',INTERCITY      ,203
'15720',INTERCITY      ,203
'15721',PAHARIA EXPRESS,749
'15722',PAHARIA EXPRESS,749
'15723',NJP SMI EXPRESS,537
'15724',SMI NJP EXPRESS,537
'15817',DBB SHTT RR EXP,485
'15818',SHTT DBB RR EXP,485
'15901',DIBRUGARH EXP  ,3569
'15902',DBRG SBC EXPRES,3569
'15903',DBRG CDG EXPRES,2661
'15904',CDG DBRG EXPRES,2661
'15905',DBRG  VIVEK EXP,4273
'15906',VIVEK EXPRESS  ,4273
'15909',ABADH ASSAM EXP,3073
'15910',AVADH ASSAM EXP,3073
'15927',RNY DBRG EXPRES,554
'15928',DBRG RNY EXPRES,554
'15929',DIBRUGARH EXP  ,3346
'15930',DBRG MS EXPRESS,3346
'15933',DBRG ASR EXPRES,2870
'15934',ASR DBRG EXPRES,2870
'15941',JHAJHA DBRG EXP,1710
'15942',DBRG JHAJHA EXP,1710
'15959',KAMRUP EXPRESS ,1528
'15960',KAMRUP EXPRESS ,1528
'16003',MAS NSL EXPRESS,1369
'16004',NSL MAS WKLY EX,1369
'16021',KAVERI  EXPRESS,500
'16022',KAVERI EXPRESS ,500
'16031',ANDAMAN EXPRESS,2798
'16032',ANDAMAN EXPRESS,2800
'16053',TIRUPATHI EXP  ,151
'16054',MADRAS EXPRESS ,151
'16057',SAPTHAGIRI EXP ,151
'16058',SAPTAGIRI EXP  ,151
'16093',LUCKNOW EXP    ,2089
'16094',LJN  MAS EXP   ,2089
'16101',RAMESWARAM EXP ,665
'16102',CHENNAI EXPRESS,665
'16105',TIRUCHENDUR EXP,779
'16106',TCN CHENNAI EXP,779
'16115',PUDUCHERRY EXP ,197
'16116',CHENNAI EXP    ,197
'16125',MS JODHPUR EXP ,2355
'16126',JU MS EXPRESS  ,2355
'16127',MS GURUVAYUR EX,1100
'16128',GUV CHENNAI EXP,1100
'16129',MS TN LINK EXP ,656
'16130',TN MS LINK EXP ,656
'16175',KARAIKAL EXP   ,361
'16176',CHENNAI EXP    ,361
'16177',ROCK FORT EXP  ,336
'16178',ROCKFORT EXPRES,336
'16179',MANNAI EXP     ,395
'16180',MANNAI EXP     ,395
'16181',SILAMBU EXPRESS,487
'16182',SILAMBU EXPRESS,487
'16183',UZHAVAN EXPRESS,351
'16184',UZHAVAN EXPRESS,351
'16185',VELANKANNI EXP ,353
'16186',VELANKANNI EXP ,353
'16187',ERNAKULAM EXP  ,593
'16188',ERS KARAIKALEXP,593
'16201',SBC SMET EXP   ,274
'16202',SMET SBC EXP   ,274
'16203',TIRUPATHY EXP  ,151
'16204',TPTY MAS EXPRES,151
'16205',MYSORE EXPRESS ,373
'16206',TALGUPPA EXP   ,373
'16209',AII MYS EXPRESS,2290
'16210',AJMER EXPRESS  ,2290
'16215',CHAMUNDI EXP   ,139
'16216',CHAMUNDI EXPRES,139
'16217',MYS SNSI EXPRES,1304
'16218',SNSI MYS EXPRES,1304
'16227',TALGUPPA EXP   ,371
'16228',BANGALORE EXP  ,371
'16229',MYS BSB EXP    ,2706
'16230',BSB MYS EXP    ,2706
'16231',MYSORE EXPRESS ,680
'16232',MAILADUTURAI EX,680
'16235',MYSORE  EXP    ,783
'16236',TUTICORIN EXP  ,783
'16301',VENAD EXPRESS  ,327
'16302',VENAD EXPRESS  ,327
'16303',VANCHINAD EXP  ,220
'16304',VANCHINAD EXP  ,220
'16305',CANNANORE EXP  ,283
'16306',ERNAKULAM EXP  ,283
'16307',CANNANORE EXP  ,339
'16308',ALLEPPEY EXP   ,339
'16311',BKN KCVL EXPRES,3002
'16312',BIKANER EXPRESS,3002
'16313',CANNANORE EXP  ,283
'16314',ERNAKULAM EXP  ,283
'16315',KOCHUVELI EXP  ,837
'16316',BANGALORE EXP  ,837
'16317',HIMSAGAR EXP   ,3714
'16318',HIMSAGAR EXP   ,3715
'16331',TRIVANDRAM EXP ,1959
'16332',MUMBAI EXPRESS ,1959
'16333',VRL TVC EXPRESS,2709
'16334',VERAVAL EXPRESS,2709
'16335',NAGERCOIL EXP  ,2649
'16336',GANDHIDHAM EXP ,2649
'16337',OKHA ERS EXPRES,2557
'16338',OKHA EXPRESS   ,2557
'16339',NAGARCOIL EXP  ,1882
'16340',MUMBAI EXPRESS ,1882
'16341',TRIVANDRUM EXP ,303
'16342',GURUVAYUR EXP  ,303
'16343',AMRITHA EXPRESS,376
'16344',AMRITHA EXPRESS,376
'16345',NETRAVATI EXP  ,1804
'16346',NETRAVATHI EXP ,1804
'16347',MANGALORE EXP  ,634
'16348',TRIVANDRUM EXP ,634
'16349',RAJYA RANI EXP ,393
'16350',RAJYA RANI EXP ,393
'16351',NAGARCOIL EXP  ,1949
'16352',NCJ MUMBAI EXP ,1949
'16353',KCG NCJ EXP    ,1495
'16354',KACHEGUDA EXP  ,1495
'16359',ERS PATNA EXP  ,2987
'16360',PNBE ERS EXPRES,2986
'16381',KANYAKUMARI EXP,2136
'16382',CAPE MUMBAI EXP,2136
'16501',ADI YPR EXPRESS,1796
'16502',AHMADABAD EXP  ,1796
'16505',GIMB SBC EXPRES,1962
'16506',GANDHIDHAM EXP ,1962
'16507',BGKT SBCEXP    ,2112
'16508',JODHPUR EXPRESS,2121
'16515',YPR KAWR EXPRES,794
'16516',KAWR YPR EXPRES,794
'16517',KANNUR  EXP    ,635
'16518',BANGALORE EXP  ,635
'16523',KARWAR  EXP    ,857
'16524',BANGALORE EXP  ,857
'16525',BANGALORE EXP  ,944
'16526',KANYAKUMARI EXP,944
'16527',YPR CANNANORE E,662
'16528',YESVANTPUR EXP ,662
'16531',SBC GARIB NAWAJ,2241
'16532',GARIB NAWAZ EXP,2223
'16533',BGKT SBC EXPRES,2201
'16534',SBC JODHPUR EXP,2187
'16535',GOLGUMBAZ EXP  ,965
'16536',GOLGUMBAZ EXP  ,965
'16537',NAGERCOIL  EXP ,723
'16557',RAJYARANI EXP  ,139
'16558',RAJYARANI EXP  ,139
'16561',KOCHUVELI  ACEX,860
'16562',KCVL YPR AC EXP,860
'16565',MANGALOREEXP   ,846
'16566',YESVANTPUR  EXP,846
'16569',YPR KCG EXP    ,610
'16570',KCG YPR EXP    ,610
'16571',YPR BIDR EXP   ,707
'16572',BIDR YPR EXP   ,707
'16573',PUDUCHERRY EXP ,456
'16574',YESVANTPUR EXP ,456
'16577',YPR HRR EXP    ,334
'16578',HRR YPR EXP    ,334
'16579',SHIMOGA EXP    ,269
'16580',YESVANTHPUR EXP,269
'16587',YPR BKN EXP    ,2450
'16588',BKN YPR EXPRESS,2450
'16589',RANI CHENNAMMA ,795
'16590',RANICHENNAMA EX,795
'16591',HAMPI EXPRESS  ,688
'16592',HAMPI EXP      ,688
'16593',NED SBC EXP    ,1042
'16594',SBC NANDED EXP ,1042
'16603',MAVELI EXPRESS ,619
'16604',MAVELI EXPRESS ,619
'16605',ERNAD EXPRESS  ,690
'16606',ERNAD EXPRESS  ,690
'16609',COIMBATORE EXP ,536
'16610',NAGERCOIL EXP  ,536
'16611',TN CBE LINK EXP,465
'16612',CBE TN LINK EXP,465
'16613',COIMBATORE EXP ,2237
'16614',RAJKOT EXPRESS ,2237
'16615',CHEMMOZHI EXP  ,335
'16616',CHEMMOZHI EXP  ,335
'16617',COIMBATORE EXP ,506
'16618',RAMESWARAM EXP ,506
'16629',MALABAR EXP    ,634
'16630',MALABAR EXPRESS,634
'16649',PARASURAM EXP  ,705
'16650',PARASURAM EXP  ,705
'16687',NAVYUG EXP     ,3607
'16688',NAVYUG EXPRESS ,3609
'16713',RAMESWARAM EXP ,600
'16714',RMM CHENNAI EXP,600
'16723',ANANTAPURI EXP ,798
'16724',ANANTAPURI EXP ,798
'16733',RMM OKHA EXPRES,3197
'16734',RAMESWARAM EXP ,3196
'16779',TPTY RMM EXP   ,828
'16780',RMM TPTY EXP   ,828
'16787',TEN JAMMU EXP  ,3559
'16853',TRICHY EXPRESS ,401
'16854',CHENNAI EXPRESS,401
'16855',MANGALORE EXP  ,800
'16856',PUDUCHERRY EXP ,800
'16857',MANGALORE EXP  ,863
'16858',PUDUCHERRY EXP ,863
'16859',MS MANGALORE EX,983
'16860',MAQ CHENNAI EXP,983
'16861',PDY CAPE EXPRES,699
'16862',PUDUCHERRY EXP ,699
'16863',BGKT MQ EXPRESS,2861
'16864',MQ BGKT EXP    ,2861
'17001',SNSI SC EXP    ,776
'17002',SC SNSI EXP    ,776
'17005',HYB RXL EXPRESS,2165
'17006',DBG HYB EXPRESS,2165
'17007',SC DBG EXPRESS ,1914
'17008',DBG SC EXPRESS ,1914
'17013',PUNE HYB EXPRES,649
'17014',HYB PUNE EXP   ,649
'17015',VISAKHA EXPRESS,1134
'17016',VISAKHA EXP    ,1134
'17017',RJT SC EXPRESS ,1478
'17018',RAJKOT EXPRESS ,1478
'17019',AII HYB EXP    ,1868
'17020',HYB AII  EXP   ,1868
'17023',TUNGABHADRA EXP,244
'17024',TUNGABHADRA EXP,244
'17025',MUGR SC EXPRESS,331
'17026',SC MUGR EXPRESS,331
'17031',HYDERABAD EXP  ,790
'17032',MUMBAI EXP     ,790
'17035',KAGHAZNAGAR EXP,297
'17036',KAGHAZNAGAR EXP,297
'17037',SC BKN EXP     ,2113
'17038',BKN SC EXP     ,2113
'17057',DEVAGIRI EXP   ,881
'17058',DEVAGIRI EXP   ,881
'17063',AJANTA EXPRESS ,621
'17064',AJANTA EXPRESS ,621
'17201',GOLCONDA EXP   ,383
'17202',GOLCONDA EXP   ,383
'17203',BVC KAKINADA EX,2053
'17204',CCT BVC EXPRESS,2053
'17205',SNSI CCT EXP   ,1339
'17206',CCT  SNSI  EXP ,1339
'17207',SNSI BZA EXP   ,1127
'17208',BZA SNSI EXP   ,1127
'17209',SESHADRI EXPRES,962
'17210',SHESHADRI EXP  ,962
'17211',KONDAVEEDU EXP ,778
'17212',KONDAVEEDU EXP ,778
'17213',NS NSL EXP     ,1086
'17214',NSL NS EXP     ,1086
'17221',COA  LTT EXPRES,1300
'17222',LTT COA EXPRESS,1300
'17225',AMARAVATHI EXP ,693
'17226',AMARAVATI EXP  ,693
'17229',SABARI EXPRESS ,1568
'17230',SABARI EXP     ,1568
'17231',NS NSL EXP     ,1048
'17232',NSL NS EXP     ,1048
'17233',BHAGYANAGAR EXP,367
'17234',BHAGYANAGAR EXP,367
'17235',NAGERCOIL EXP  ,673
'17236',BANGALORE EXP  ,673
'17239',SIMHADRI EXP   ,383
'17240',SIMHADRI EXPRES,383
'17249',MTM SC EXP     ,431
'17250',MACHILIPTNM EXP,431
'17255',NS HYDRABAD EXP,461
'17256',NARASAPUR EXP  ,461
'17301',MYS DHARWAD EXP,491
'17302',DWR MYSORE EXP ,491
'17305',NZM LINK EXP   ,2147
'17307',BASAVA EXPRESS ,1004
'17308',BASAVA EXPRESS ,1004
'17309',YPR VASCO EXP  ,700
'17310',YPR BIWEEKLY EX,700
'17311',MAS VASCO EXP  ,1070
'17312',VSG CHENNAI EXP,1070
'17313',MAS HUBLI EXP  ,834
'17314',UBL CHENNAI EXP,834
'17315',VELANKANNI EXP ,1315
'17316',VLNK VSG EXP   ,1315
'17317',LOKAMANYA TT EX,734
'17318',LTT HUBLI EXP  ,734
'17319',SECUNDRABAD EXP,661
'17320',SC  UBL EXP    ,661
'17321',UBL LTT EXP    ,793
'17322',LTT HUBLI EXP  ,793
'17401',TPTY MTM NS EXP,467
'17402',MTM TPTY EXP   ,467
'17404',NS  TPTY EXP   ,524
'17405',KRISHNA EXPRESS,1228
'17406',KRISHNA EXP    ,1228
'17407',PAMANI EXPRESS ,463
'17408',TIRUPATI EXPRES,463
'17411',MAHALAXMI EXP  ,518
'17412',MAHALAXMI EXP  ,518
'17415',HARIPRIYA EXP  ,905
'17416',HARIPRIYA EXP  ,905
'17429',RAYALASEEMA EXP,733
'17430',RAYALASEEMA EXP,733
'17479',PURI TPTY EXP  ,1232
'17480',TPTY PURI EXP  ,1232
'17481',BSP TPTY EXPRES,1402
'17482',TPTY BSP EXP   ,1402
'17487',TIRUMALA EXP   ,736
'17488',TIRUMALA EXPRES,736
'17603',KCG YPR EXP    ,664
'17604',KACHEGUDA EXP  ,664
'17605',MAQ KCG EXPRESS,1532
'17606',KCG  MAQ  EXP  ,1532
'17609',PNBE  PAU EXP  ,1816
'17610',PAU PNBE EXP   ,1816
'17613',PUNE NANDED EXP,557
'17614',NED PUNE EXP   ,557
'17615',KCG MDU EXP    ,1293
'17616',KACHEGUDA EXP  ,1293
'17617',TAPOVAN EXPRESS,610
'17618',TAPOVAN EXP    ,610
'17619',AWB NED EXP    ,237
'17620',NED AWB EXP    ,237
'17621',AWB RU EXPRESS ,1159
'17622',RU AWB EXPRESS ,1159
'17623',NED BKN EXP    ,1672
'17624',BKN NED EXP    ,1672
'17639',KCG AK EXP     ,514
'17640',AK KCG EXP     ,514
'17643',CIRCAR EXP     ,700
'17644',CIRCAR EXP     ,700
'17651',KACHEGUDA  EXP ,773
'17652',KCG MS EXP     ,773
'17687',MARATHWADA PS E,422
'17688',MARATHWADA EXP ,422
'18001',KANDARI EXPRESS,186
'18002',KANDARI EXPRESS,186
'18005',HWH KORAPUT EXP,1163
'18006',KORAPUT HWH EXP,1163
'18009',SRC AII EXPRESS,2006
'18010',SANTRAGACHI EXP,2009
'18029',LTT SHALIMAR EX,1950
'18030',SHM LTT EXPRESS,1950
'18047',AMARAVATHI EXP ,2160
'18048',VSG HOWRAH EXP ,2160
'18101',TATA JAT EXP   ,2026
'18103',JALIANWALA B EX,1749
'18104',JALIANWALA B EX,1749
'18105',ROU BBS INT EXP,419
'18106',BBS ROU INT EXP,419
'18107',ROU KRPU EXPRES,645
'18108',KRPU ROU EXPRES,645
'18109',ROU MURI JAT EX,2158
'18110',JAT MURI ROU EX,2158
'18111',TATA YPR EXP   ,2441
'18112',YPR TATA EXP   ,2441
'18181',TATA CPR EXP   ,630
'18182',CPR TATA EXP   ,636
'18183',TATA  DNR EXP  ,508
'18184',DNR TATA EXP   ,508
'18189',TATA ALLP EXP  ,2358
'18191',UTSARG EXP     ,688
'18192',UTSARG EXP     ,688
'18201',DURG NTV EXP   ,1224
'18202',NTV DURG EXP   ,1224
'18203',BETWA EXPRESS  ,885
'18204',BETWA EXPRESS  ,885
'18205',DURG NTV EXP   ,1152
'18206',NTV DURG EXP   ,1152
'18207',DURG AII EXP   ,1403
'18208',AII DURG EXP   ,1403
'18209',DRZ R EXPRESS  ,126
'18210',R DRZ EXPRESS  ,126
'18211',DURG JDB EXP   ,658
'18212',JDB DURG EXP   ,658
'18213',DURG JP EXP    ,1263
'18214',JP DURG EXP    ,1263
'18215',DURG JAT EXPRES,1936
'18216',JAT DURG EXP   ,1936
'18233',NARMADA EXPRESS,1010
'18234',NARMADA EXP PSG,1010
'18235',BILASPUR EX PAS,717
'18236',BSP BPL PAS    ,717
'18237',CHATTISGARH EXP,2008
'18238',CHHATISGARH EXP,2008
'18239',GAD NGP EXP    ,513
'18240',NGP BILASPUR EX,412
'18241',DURG ABKP EX PA,469
'18242',ABKP DURG PAS E,469
'18301',SBP RGDA EXPRES,322
'18302',RGDA SBP EXPRES,322
'18303',SBP PURI INT EX,341
'18304',PURI SBP INT EX,341
'18309',NAGAVALI EXPRES,1479
'18310',NAGAWALI  EXP  ,1479
'18311',SBP BSB EXPRESS,896
'18312',BSB SBP EXPRESS,896
'18401',PURI OKHA EXP  ,2778
'18402',OKHA PURI EXP  ,2778
'18403',CKP BBN INT EXP,127
'18404',BBN CKP INT EXP,127
'18405',PURI  ADI EXP  ,1992
'18406',ADI PURI EXP   ,1992
'18407',PURI SNSI EXP  ,1685
'18408',SNSI PURI EXP  ,1685
'18409',SRIJAGANNATHEXP,502
'18410',SRIJAGANNATH EX,502
'18411',INTER CITY EXP ,443
'18412',INTER CITY EXP ,443
'18415',BBN PURI EXP   ,398
'18416',PURI KDJR EXP  ,398
'18417',RAJYA RANI EXP ,443
'18418',RAJYA RANI EXP ,443
'18419',PURI JYG EXP   ,1004
'18420',JYG DBG PURI EX,1004
'18421',PURI AJMER EXP ,2473
'18422',AII PURI EXP   ,2474
'18425',PURI DURG EXP  ,796
'18426',DURG PURI EXP  ,796
'18437',BBS BWIP LINK E,653
'18438',BWIP BBS LINK E,653
'18447',HIRAKHAND EXP  ,785
'18448',HIRAKHAND EXP  ,785
'18449',B NATH DHAM EXP,931
'18450',B NATH DHAM EXP,931
'18451',TAPASWINI EXPRE,691
'18452',TAPASWINI EXPRE,691
'18463',PRASANTHI EXP  ,1546
'18464',PRASANTHI EXP  ,1546
'18473',PURI JU EXPRESS,2433
'18474',JU PURI EXPRESS,2433
'18477',UTKAL EXPRESS  ,2370
'18478',KALINGAUTKALEXP,2370
'18495',BHUBANESWAR EXP,1892
'18496',BBS RMM EXPRESS,1892
'18501',VSKP GIMB EXP  ,2112
'18502',GIMB VSKP EXP  ,2112
'18503',VSKP  SNSI   EX,1403
'18504',SNSI VSKP EXP  ,1404
'18507',VSKP ASR HKG EX,2570
'18508',HIRAKUND EXP   ,2570
'18509',VSKP NED EXPRES,973
'18510',NED VSKP EXP   ,973
'18515',TATA VSKP EXP  ,864
'18516',VSKP TATA EXP  ,864
'18517',KRBA VSKP EXP  ,731
'18518',VSKP KRBA EXPRE,728
'18519',VSKP LTT EXPRES,1501
'18520',LTT VSKP EXP   ,1501
'18567',VSKP QLN EXP   ,1588
'18568',QLN  VSKP EXP  ,1588
'18573',VSKP BGKT EXP  ,2069
'18574',BGKT VSKP EXP  ,2069
'18603',RNC BGP EXPRESS,511
'18604',BGP RNC EXPRESS,510
'18605',RNC  JYG  EXP  ,612
'18606',JYG RNC EXPRESS,612
'18609',RNC LTT EXPRESS,2011
'18610',RANCHI EXPRESS ,2011
'18611',RNC BSB EXPRESS,572
'18612',BSB RNC EXPRESS,575
'18615',KRIYA YOGA EXP ,423
'18616',KRIYA YOGA EXP ,423
'18619',RNC DUMK EXP   ,383
'18620',DUMK RNC EXPRES,386
'18621',PATLIPUTRA EXP ,539
'18622',PATLIPUTRA EXP ,539
'18623',RJPB HATIA EXP ,421
'18624',HTE RJPB EXP   ,421
'18625',PNBE HTE EXPRES,418
'18626',HTE PNBE EXP   ,415
'18627',HWH RNC INT EXP,423
'18628',RNC HWH INT EXP,423
'18629',RNC NJP EXP    ,838
'18630',NJP RNC EXPRESS,838
'18631',RNC GARIBNWAZ E,1678
'18632',RNC GARIB NAWAZ,1678
'18637',HTE YPR EXP    ,1901
'18638',YPR HATIA EXP  ,1901
'18645',EAST COAST EXP ,1592
'18646',EAST COAST EXP ,1592
'18695',IPR RJPB EXPRES,63
'18696',RJPB IPR EXPRES,63
'18697',KOSHI EXP      ,264
'18698',KOSHI EXP      ,264
'19005',SAURASHTRA MAIL,990
'19006',SAURASHTRA MAIL,990
'19011',GUJARAT EXPRESS,491
'19012',GUJARAT EXPRESS,491
'19017',SAU JANATA EXP ,812
'19018',SAU JANATA EXP ,812
'19019',DEHRADUN EXP   ,1682
'19020',DEHRADUN EXP   ,1682
'19021',BDTS LJN EXPRES,1687
'19022',LJN BDTS EXP   ,1687
'19023',FZR JANATA EXP ,1772
'19024',FZR BCT JANTA  ,1770
'19027',VIVEK EXPRESS  ,1881
'19028',VIVEK EXPRESS  ,1881
'19029',BDTS DEE EXPRES,1345
'19030',DEE BDTS EXP   ,1344
'19031',YOGA EXPRESS   ,1208
'19032',YOGA EXPRESS   ,1207
'19033',GUJARAT QUEEN  ,298
'19034',GUJARAT QUEEN  ,298
'19037',AVADH EXPRESS  ,1846
'19038',AVADH EXPRESS  ,1846
'19039',AVADH EXPRESS  ,2155
'19040',AVADH EXPRESS  ,2155
'19045',TAPTI GANGA EXP,1731
'19046',TAPTI GANGA EXP,1731
'19047',ST BHAGALPUR EX,1831
'19048',BGP SURAT EXP  ,1831
'19049',BDTS PATNA EXP ,1845
'19050',PNBE BDTS EXP  ,1845
'19051',SHRAMIK EXPRESS,1781
'19052',BL SHRAMIK EXP ,1781
'19053',ST MFP EXPRESS ,2138
'19054',MFP ST EXPRESS ,2138
'19055',BL JODHPUR EXP ,753
'19056',JU BL EXPRESS  ,753
'19057',UDN VARANASI EX,1375
'19058',BSB UDN EXP    ,1375
'19059',JAMNAGAR INTCIT,561
'19060',SURAT INTERCITY,561
'19061',RAMNAGAR EXPRES,2138
'19062',RMR BDTS EXP   ,2138
'19065',BDTS BGKT EXP  ,931
'19066',BGKT BDTS EXP  ,931
'19107',JANMABHOOMI  EX,1539
'19108',JANMABHOOMI EXP,1539
'19115',BDTS BHUJ EXP  ,839
'19116',BHUJ BDTS EXP  ,839
'19131',KUTCH EXPRESS  ,839
'19132',KUTCH EXPRESS  ,839
'19165',SABARMATI EXP  ,1946
'19166',SABARMATI EXP  ,1946
'19167',SABARMATI EXP  ,1601
'19168',SABARMATI EXP  ,1601
'19201',SC PBR  EXP    ,1694
'19202',PBR SC EXPRESS ,1694
'19203',BDTS BVC EXP   ,778
'19204',BVC BDTS EXPRES,778
'19215',SAURASHTRA EXP ,955
'19216',SAURASHTRA EXP ,955
'19221',SOMNATH EXPRESS,432
'19222',SOMNATH EXPRESS,432
'19223',ADI JAT EXPRESS,1477
'19224',JAT ADI EXPRESS,1476
'19225',BTI JAT EXP    ,490
'19226',JAT BTI EXP    ,490
'19251',SMNH OKHA EXP  ,442
'19252',OKHA SOMNATH EX,442
'19259',KCVL BVC EXPRES,2569
'19260',BVC KCVL EXP   ,2569
'19261',PORBANDAR EXP  ,2720
'19262',KOCHUVELI EXP  ,2720
'19263',DELHI SR EXPRES,1393
'19264',DEE PORBNDR EXP,1392
'19269',PBR MOTIHARI EX,2470
'19270',PBR EXPRESS    ,2470
'19301',YESHVANTPUR EXP,1907
'19302',YPR  INDB EXP  ,1910
'19307',CHANDIGARH EXP ,1141
'19308',CDG  INDB  EXP ,1141
'19309',GNC INDORE EXP ,571
'19310',INDORE GNC EXP ,571
'19311',PUNE INDORE EXP,972
'19312',IND PUNE EXPRES,972
'19313',INDB RJPB  EXP ,1361
'19314',INDORE EXPRESS ,1361
'19321',INDB RJPB EXP  ,1402
'19322',RJPB INDB EXPRE,1402
'19323',INTERCITY EXP  ,224
'19324',INDB INTERCITY ,224
'19325',IND AMRITSAR EX,1344
'19326',ASR INDB EXPRES,1337
'19328',UDZ RATLAM EXP ,303
'19329',UDAIPUR CITY EX,479
'19330',UDZ INDB EXPRES,479
'19401',ADI LUCKNOW EXP,1301
'19402',LKO ADI EXP    ,1301
'19403',SULTANPUR EXP  ,1559
'19404',SLN ADI EXP    ,1559
'19407',ADI VARANASI EX,1704
'19408',BSB ADI EXP    ,1702
'19409',GORAKHPUR EXP  ,1573
'19410',GKP ADI EXP    ,1573
'19411',AJMER INTERCITY,492
'19412',INTERCITY EXP  ,492
'19413',KOLKATA EXPRESS,2608
'19414',KOAA ADI EXPRES,2608
'19415',ADI SVDK EXPRES,1739
'19416',SVDK ADI EXP   ,1739
'19417',ADI ALD EXPRESS,1483
'19418',ALD ADI EXP    ,1483
'19419',MAS ADI EXPRESS,1723
'19420',ADI CHENNAI EXP,1723
'19421',ADI PNBE EXPRES,1671
'19422',PNBE ADI EXP   ,1671
'19451',GANDHIDHAM EXP ,859
'19452',BANDRA T EXP   ,859
'19453',GIMB PURI EXP  ,2431
'19454',PURI GIMB EXP  ,2431
'19565',UTTARANCHAL EXP,1680
'19566',UTTARANCHAL EXP,1680
'19567',VIVEK EXP      ,2735
'19568',VIVEK EXPRESS  ,2735
'19569',OKHA BSB EXPRES,2041
'19570',BSB OKHA EXP   ,2041
'19573',JAIPUR EXPRESS ,1056
'19574',JP OKHA EXP    ,1056
'19575',OKHA  NDT EXP  ,1136
'19576',NDT OKHA EXP   ,1136
'19577',HAPA EXPRESS   ,2730
'19578',HAPA TEN EXPRES,2730
'19579',RJT DEE EXPRESS,1106
'19580',DEE RJT EXP    ,1106
'19601',UDZ NJP EXP    ,2236
'19602',NJP UDZ EXPRESS,2236
'19607',AII WKLY EXP   ,1994
'19608',AII KOAA EXP   ,1997
'19609',AII HW EXP     ,672
'19610',HW AII EXP     ,672
'19611',AJMER ASR EXP  ,1007
'19612',ASR AJMER EXP  ,1007
'19613',AJMER ASR EXP  ,848
'19614',ASR AII EXP    ,848
'19653',RATLAM AJMER EX,375
'19654',AII RTM EXP    ,375
'19659',SHM UDZ EXPRESS,1883
'19660',UDZ SHM EXP    ,1885
'19665',KURJ UDZ EXP   ,1092
'19666',UDZ KURJ EXP   ,1092
'19707',ARAVALI EXPRESS,1107
'19708',ARAVALI EXPRESS,1107
'19709',KAVI GURU EXP  ,2212
'19710',KYQ JP KAVIGURU,2212
'19711',JP BPL EXP     ,790
'19712',BPL JAIPUR EXP ,790
'19713',JP SC EXP      ,1731
'19714',SC JP EXP      ,1732
'19715',JP LJN EXP     ,676
'19716',LJN JP EXP     ,676
'19717',JP CDG INTERCIT,593
'19718',CDG JP INTERCIT,593
'19801',INDB INTERCITY ,433
'19802',INTERCITY EXP  ,433
'19803',KOTA JAT EXP   ,1058
'19804',JAT KOTA EXP   ,1058
'19805',KOTA UHP EXPRES,1094
'19806',UHP KOTA EXP   ,1094
'19943',UDZ ADI EXPRESS,298
'19944',ADI UDZ EXPRESS,298
'21028',MUMBAI MAIL    ,1132
'21068',SAKET LINK EXP ,1502
'21107',KURJ BSB LINK E,453
'21108',BSB KURJ LINK E,453
'21125',INDORE BHIND EX,644
'21126',BIX INDB EXP   ,644
'22101',RAJYA RANI EXP ,245
'22102',RAJYA RANI EXP ,245
'22103',LTT FD SUP EXP ,1600
'22104',FD LTT SF EXP  ,1600
'22105',INDRAYANI EXP  ,192
'22106',INDRAYANI EXP  ,192
'22107',CSTM LATUR EXP ,530
'22108',LATUR CSTM EXP ,530
'22109',LTT NZM AC EXP ,1521
'22110',NZM LTT AC EXP ,1521
'22111',BSL NGP SUP EXP,604
'22112',NGP BSL SUP EXP,604
'22113',LTT KCVL EXPRES,1813
'22114',KCVL LTT SF EXP,1813
'22115',LTT KRMI AC SUP,710
'22116',KRMI LTT AC SUP,710
'22117',KCG DOUBLE DECK,288
'22118',GNT DOUBLE DECK,288
'22119',KCG DOUBLE DECK,636
'22120',TPTY DOUBLE DEC,636
'22131',GYAN GANGA EXP ,1536
'22132',GYAN GANGA SF  ,1537
'22133',SUR YPR SUP EXP,654
'22134',SOLAPUR EXP    ,654
'22149',ERS PUNE EXPRES,1667
'22150',PUNE ERS SUP EX,1667
'22161',RAJYA RANI EXP ,291
'22162',RAJYA RANI EXP ,291
'22181',JBP  NZM EXPRES,906
'22182',NZM JBP SF EXP ,909
'22183',IND DOUBLE DECK,224
'22184',HBJ DOUBLE DECK,224
'22185',IND DOUBLE DECK,263
'22186',BPL DOUBLE DECK,263
'22187',INTERCITY EXPRE,331
'22188',INTERCITY EXPRE,331
'22201',DURONTO EXPRESS,522
'22202',DURONTO EXPRESS,522
'22203',SC DURONTO EXP ,701
'22204',VSKP DURONTO  E,701
'22205',MDU DURONTO EXP,559
'22206',MAS DURONTO EXP,559
'22207',SUPER AC EXP   ,895
'22208',SUPER AC EXP   ,895
'22209',NDLS DURONTO EX,1384
'22210',BCT DURONTO    ,1384
'22213',SHM PNBE DURONT,546
'22214',DURONTO EXPRESS,546
'22308',BKN HWH SUPFAST,1882
'22309',HWH NJP AC EXP ,561
'22310',NJP HWH AC EXP ,561
'22351',PPTA YPR EXP   ,2711
'22352',PATLIPUTRAEXP  ,2711
'22356',SUVIDHA AC EXP ,1710
'22387',BLACKDIAMOND EX,271
'22388',BLACKDIAMOND EX,271
'22401',DEE UHP AC SUP ,631
'22402',UHP DEE AC SUP ,631
'22403',PDY NDLS EXPRES,2383
'22404',NDLS PDY EXP   ,2384
'22405',BGP  GARIB RATH,1207
'22406',ANVT BGP G RATH,1207
'22407',BSB ANVT G RATH,781
'22408',BSB GARIB RATH ,781
'22409',ANVT GARIB RATH,977
'22410',GAYA GARIB RATH,977
'22411',NHLN NDLS AC EX,2120
'22412',NDLS NHLN AC SF,2120
'22443',CNB BDTS SF    ,1613
'22444',BDTS KANPUR EXP,1613
'22447',KURJ NZM EXP   ,604
'22451',CDG SUP FAST   ,1605
'22452',CDG BDTS SF EXP,1605
'22453',RAJYA RANI EXP ,459
'22454',RAJYA RANI EXP ,459
'22455',SNSI KLK SUP EX,1669
'22456',KLK SNSI SF EXP,1669
'22457',NED UHL SF EXP ,1886
'22458',UHL NED SF EXP ,1886
'22461',SHRI SHAKTI EXP,655
'22462',SHRI SHAKTI EXP,655
'22464',RJSTHN S KRNTI ,685
'22471',DEE INTERCITY  ,458
'22472',BKN INTERCITY  ,458
'22473',BKN BDTS SF EXP,1212
'22474',BDTS BKN SUP EX,1212
'22475',BKN CBE AC S F ,2781
'22476',BIKANER AC EXP ,2781
'22477',JU JP SF EXP   ,313
'22478',JP JU SF EXP   ,313
'22479',JSM BKN EXPRESS,319
'22480',BKN JSM EXPRESS,319
'22481',JU DEE SUP     ,622
'22482',DEE JU SUP     ,622
'22483',JU GIMB SF EXP ,559
'22484',JODHPUR EXPRESS,559
'22487',RDP ANVT LINK E,1367
'22511',KARMABHOOMI EXP,2940
'22512',KARMABHOOMI EXP,2940
'22601',SHIRDI EXPRESS ,1392
'22602',SNSI CHENNAI EX,1392
'22603',KGP VM SF EXP  ,1767
'22604',KHARAGPUR EXP  ,1767
'22605',PRR  VM  EXPRES,1997
'22606',PURULIA EXPRESS,1997
'22607',BANGALORE SF EX,625
'22608',ERNAKULAM SF EX,625
'22609',INTERCITY EXP  ,406
'22610',INTERCITY EXP  ,406
'22611',MAS NJP EXPRESS,2270
'22612',NJP MAS EXPRESS,2270
'22613',HALDIA EXPRESS ,1661
'22614',HLZ MAS SUP EXP,1661
'22615',TPTY CBE  EXP  ,472
'22616',TIRUPATHI EXP  ,472
'22617',TIRUPATHI EXP  ,337
'22618',TPTY  SBC  EXP ,337
'22619',BSP TEN EXPRESS,2504
'22620',TEN BILASPUR EX,2505
'22621',RMM CAPE EXP   ,407
'22622',CAPE RMM EXP   ,407
'22623',MADURAI EXPRESS,561
'22624',CHENNAI EXPRESS,561
'22625',SBC DOUBLE DECK,362
'22626',MAS DOUBLE DECK,362
'22627',TIRUNELVELI EXP,317
'22628',TPJ EXPRESS    ,317
'22629',DADAR TEN EXP  ,2059
'22630',TEN  DR  EXPRES,2060
'22631',ANUVRATEXPRESS ,2565
'22632',ANUVRAT EXP    ,2565
'22633',NIZAMUDDIN EXP ,3149
'22634',NZM TVC SF EXP ,3149
'22635',MAQ INTERCITY E,437
'22636',MADGAON EXP    ,437
'22637',WEST COAST EXP ,902
'22638',WEST COAST EXP ,902
'22639',ALLEPPEY EXP   ,759
'22640',CHENNAI EXPRESS,759
'22641',SHALIMAR EXP   ,2567
'22642',SHM TVC SF EXP ,2566
'22643',PATNA EXPRESS  ,2794
'22644',PNBE ERS EXPRES,2794
'22645',AHILYANAGARI EX,2651
'22646',AHILYANAGARI EX,2651
'22647',KRBA TVC EXPRES,2518
'22648',KORBA EXPRESS  ,2515
'22649',YERCAUD EXPRESS,396
'22650',YERCAUD EXP    ,396
'22651',PALANI EXPRESS ,551
'22652',PALANI MAS EXP ,551
'22653',NIZAMUDDIN  EXP,3163
'22654',NZM TVC SF EXP ,3163
'22655',TVC NZM EXPRESS,3149
'22656',NZM TVC SF EXP ,3149
'22679',SVDK PREMIUM EX,3196
'22680',SVDK YPR PREMIU,3196
'22681',CHENNAI EXPRESS,500
'22682',MYSORE EXPRESS ,500
'22683',YPR LKO EXP    ,2334
'22684',LKO YPR SUP    ,2334
'22685',YPR  SKRANTIEXP,2883
'22686',YPR S KRANTI EX,2883
'22688',CDG MDU SF EXP ,3108
'22691',RAJDHANI EXP   ,2365
'22692',BANGLORE RJDHNI,2365
'22693',RAJDHANI EXP   ,2294
'22694',BANGLORE RAJDHN,2294
'22695',YPR JP PREMIUM ,2407
'22696',JP YPR PREMIUM ,2407
'22801',VSKP MAS SF EXP,804
'22802',MAS VSKP  EXP  ,804
'22803',HWH SBP SUP EXP,661
'22804',SBP HWH SUP EXP,661
'22805',BBS NDLS SUP EX,1893
'22806',NDLS BBS SUP EX,1893
'22807',SRC  MAS AC EXP,1655
'22808',MAS SRC AC EXP ,1655
'22809',VSKP SF EXP    ,554
'22810',PRDP SF EXP    ,554
'22811',BBS RAJDHANI EX,1723
'22812',BUBNESWR RJDHNI,1724
'22813',SRC  PRDP SF EX,487
'22814',PRDP SRC SF EXP,487
'22815',BSP ERS S F EXP,2154
'22816',ERS BILASPUR EX,2155
'22817',HWH MYS EXPRESS,2093
'22818',MYS HOWRAH EXP ,2111
'22823',BBS RAJDHANI EX,1800
'22824',BUBNESWR RJDHNI,1800
'22825',SHM MAS SF EXP ,1660
'22826',MAS SHM EXP    ,1660
'22827',PURI SURAT EXP ,1754
'22828',SURAT PURI EXP ,1754
'22829',BHUJ SHM EXP   ,2434
'22830',SHM BHUJ  SF EX,2434
'22831',HWH SSPN EXPRES,1763
'22832',HOWRAH EXP     ,1763
'22835',SHM PURI SF EXP,500
'22836',PURI SHM SF EXP,500
'22843',BSP PNBE EXP   ,969
'22844',PNBE BSP EXPRES,969
'22845',PUNE HATIA SUP ,1774
'22846',HTE PUNE EXP   ,1774
'22847',VSKP LTT EXPRES,1650
'22848',LTT VSKP SUP EX,1649
'22849',SHM SC WKLY EXP,1580
'22850',SC  SHM WKLY EX,1580
'22851',MAQ VIVEK EXP  ,2487
'22852',SRC VIVEK EXP  ,2487
'22853',SHM VSKP SF EXP,880
'22854',VSKP SHM SF EXP,880
'22855',SRC TPTY SF EXP,1611
'22856',TPTY SRC SUP EX,1611
'22857',SRC ANVT SF EXP,1570
'22858',ANVT SRC SF EXP,1570
'22859',PURI CHENNAI EX,1248
'22860',MAS PURI EXPRES,1248
'22865',LTT PURI SUP EX,1851
'22866',PURI LTT SF EXP,1851
'22869',VSKP MAS SF EXP,781
'22870',VISAKAPATNAM EX,781
'22871',BBS TPTY EXPRES,1179
'22872',TPTY BBS  EXP  ,1179
'22873',DGHA VSKP EXP  ,929
'22874',VSKP DIGHA EXP ,929
'22875',KGP  PRR  EXRES,208
'22876',PRR KGP EXP    ,208
'22877',DGHA PURI EXP  ,549
'22878',PURI DIGHA EXP ,549
'22879',BBS TPTY SUP EX,1179
'22880',TPTY BBS  SF EX,1179
'22881',PUNE BBS EXPRES,1703
'22882',BBS PUNE EXP   ,1703
'22883',PURI YPR G RATH,1503
'22884',PURI GARIB RATH,1503
'22889',DGHA PURI SUP E,549
'22890',PURI DGHA SUP E,549
'22891',HWH RNC INT EXP,462
'22892',RNC HWH INT EXP,462
'22893',SNSI HWH SUP EX,1792
'22894',HWH SNSI EXPRES,1790
'22901',UDZ SUPER FAST ,945
'22902',UDZ BDTS SUP   ,945
'22903',BHUJ AC S F EXP,839
'22904',BDTS AC S F EXP,839
'22905',OKHA HOWRAH EXP,2586
'22907',MAO HAPA SUP EX,1531
'22908',HAPA MADGAON EX,1531
'22909',BL  PURI S F EX,2071
'22910',PURI VALSAD EXP,2071
'22911',SHIPRA EXPRESS ,1736
'22912',SHIPRA EXP     ,1736
'22915',BDTS HSR SF EXP,1408
'22916',HSR BDTS S F EX,1408
'22917',HARIDWAR EXP   ,1616
'22918',HW BDTS SF EXP ,1616
'22926',PASCHIM EXPRESS,1676
'22927',LOK SHAKTI EXP ,481
'22928',LOK SHAKTI EXP ,481
'22931',BDTS JSM EXP   ,1229
'22932',JSM BDTS SF    ,1229
'22933',BDTS JP SF EXP ,1148
'22934',JP BDTS SF EXP ,1148
'22935',BDTS PIT SF EXP,785
'22936',PIT BDTS SF EXP,785
'22937',RAJKOT REWA EXP,1601
'22938',REWA RJT SUP EX,1601
'22939',HAPA BSP EXPRES,1691
'22940',BSP HAPA  SF EX,1691
'22941',INBD JAT S F EX,1408
'22942',JAT INDB SF EXP,1408
'22981',KOTA SGNR SF EX,919
'22982',SGNR KOTA SF   ,919
'22996',AII BDTS SF EXP,1017
'23010',DOON EXXPRESS  ,1461
'23142',TEESTA TORSA EX,628
'23154',GOUR EXP       ,454
'23225',SHC DNR LINK EX,229
'23226',DNR SHC LINK EX,229
'23346',SKTN BSB INTER ,230
'23347',SGRL PNBE LNK E,481
'23348',PNBE SGRL LNK E,481
'24042',MUSSOORIE EXP  ,243
'24227',VARUNA EXPRESS ,357
'24228',VARUNA EXP     ,357
'24369',TRIBENI EXPRESS,742
'24370',TRIVENI EXP    ,742
'24512',KRJ ALD LINK EX,672
'24887',HW BME LINK EXP,1169
'24888',BME HW LINK EXP,1169
'25014',CORBET PRK LINK,1217
'25036',RMR DLI LINK EX,239
'25631',BKN GHY EXPRESS,2332
'25910',NTSK JIVACHH LI,1392
'28182',KIR TATA LNK EX,600
'28242',CHRM DURG PAS E,381
'28624',BARKA RJPB EXP ,365
'29019',MDS KOTA MTC EX,804
'29020',DEHRADUN EXPRES,804
'29059',HAPA INTERCITY ,552
'29060',SURAT INTERCITY,552
'50103',RATNAGIRI PASS ,422
'50104',RN DADAR PASS  ,422
'50105',DIVA SWV PASS  ,613
'50106',SWV DIVA PASS  ,613
'51027',FAST PASSENGER ,429
'51028',FAST PASSENGER ,429
'51029',BB BJP FAST PAS,564
'51030',BJP BB FAST PAS,564
'51033',SHIRDI FAST PAS,455
'51034',CSTM FAST PASS ,455
'51118',DHI CSN PASS   ,384
'51196',BPQ WR PASS    ,891
'51401',PUNE MMR PASS  ,313
'51402',MMR PUNE PASS  ,313
'51421',PUNE NZB PASS  ,771
'51422',NZB PUNE PASS  ,773
'51433',NZB PVR PASS   ,535
'51434',PVR NZB PASS   ,535
'51450',SUR PUNE PASS  ,264
'51451',PUNE BRMT PASS ,120
'51452',BRMT PUNE PAS  ,120
'51455',PUNE SUR PASS  ,264
'51701',JBP REWA PASS  ,239
'51702',REWA JBP PASS  ,239
'51753',REWA CHRM F PAS,402
'51754',CHRM REWA F PGR,402
'52075',MJ MVJ PASS    ,152
'52076',MVJ MJ PASS    ,152
'52228',TPU ASH EXPRESS,322
'52451',SHIVALK DLX EXP,96
'52452',SHIVALK DLX EXP,96
'52453',KALKA SIMLA EXP,96
'52454',SML KLK EXPRESS,96
'52455',HIMALYAN QUEEN ,96
'52456',HIMALYAN  QUEEN,96
'52457',KLK SML PASS   ,96
'52458',SML KLK PASS   ,96
'52544',DJ KGN NG TRAIN,31
'52545',KGN DJ NG TRAIN,31
'52546',JOYRIDE DIESEL ,14
'52547',JOYRIDE STEAM  ,14
'52548',JOYRIDE STEAM  ,14
'52549',JOYRIDE STEAM  ,14
'52551',JUNGLE SAFARI  ,73
'52570',RED PANDA      ,31
'52571',RED PANDA      ,31
'52572',HIMALAYAN WHEEL,15
'52573',HIMALAYAN WHEEL,15
'52574',JOYRIDE DIESEL ,14
'52575',JOYRIDE DIESEL ,14
'52587',KGN DJ NG TRAIN,31
'52588',DJ KGN NG TRAIN,31
'52973',UJN AK F PASS  ,375
'52974',AK UJN FAST PAS,375
'52993',MHOW AK FAST PA,313
'52994',AK MHOW  F  PAS,313
'53003',HWH MLDT F PASS,339
'53004',MLDT HWH F PAS ,339
'53047',VISWAVARATI PAS,219
'53048',VISWABHARTI PAS,219
'53049',HWH MKA PAS    ,455
'53050',MKA HWH  PASS  ,455
'53139',KOAA JSME PGS  ,326
'53140',JSME KOAA PGS  ,326
'53172',LGL SDAH PASS  ,227
'53175',SDAH LGL PGR   ,227
'53178',LGL SDAH PASS  ,227
'53181',LALGOLA PASS   ,227
'53520',GRD LINK PAS EX,335
'54075',SPC DELHI PASS ,409
'54076',SITAPURCITY PAS,409
'54077',BE DLI PSNGR   ,274
'54078',DLI BE PASSENGR,274
'54253',PYG LKO PASS   ,228
'54254',LKO PYG PASS   ,228
'54601',HSR ASR PSNGR  ,346
'54602',ASR HSR PASNGER,416
'54701',BTI LGH PASNGER,321
'54702',LGH ABS PASNGER,394
'54703',ABS JU PASSENGR,675
'54704',JU BTI PASENGER,601
'54801',JU AII FAST PAS,244
'54802',AII JU FAST PAS,244
'54805',JAIPUR PASSENGE,631
'54806',JP ADI PASSNGER,631
'54811',BPL JU PASS    ,993
'54812',JU BPL PASS    ,993
'54833',JP HSR PASS    ,368
'54834',HSR JP PASS    ,368
'55149',GKP MUV PASS   ,235
'55150',MUV GKP PASS   ,235
'55322',RMR BSB EXPRESS,705
'55601',KYQ LMG PASS   ,188
'55602',LMG KYQ PASS   ,188
'56101',CHENNAI EXPRESS,393
'56136',MTP UAM PASSR  ,46
'56137',UAM MTP PASSR  ,46
'56138',ONR UAM PASSR  ,19
'56139',UAM ONR PASSR  ,19
'56213',TIRUPATI PASSR ,535
'56214',TPTY CMNR PASS ,535
'56263',BANGALORE PASSR,139
'56264',MYSORE PASS    ,139
'56501',HUBLI PASS     ,693
'56502',UBL BZA PASSR  ,693
'56503',VIJAYAWADA PASS,749
'56504',BZA BNC PASS   ,749
'56640',MADGAON PASSR  ,437
'56641',MAO MAQ PASS   ,437
'56700',PUNALUR PASS   ,410
'56701',MADURAI PASSR  ,410
'56903',SUR DHARWAR PAS,378
'56904',DWR SUR PASSENG,378
'56909',HOSPET PASSR   ,469
'56910',SBC FAST PSGN  ,529
'56912',SBC FAST PSGN  ,469
'57129',BOLARUM PASSR  ,456
'57130',HYB BJP PSGR   ,444
'57229',MTM VSKP PASSR ,372
'57230',VSKP MTM PASS  ,372
'57257',KAKINADA PSGR  ,600
'57258',TIRUPATI PSGR  ,600
'57264',NS VSKP PASSR  ,300
'57265',VSKP NS PASS   ,300
'57271',RAYAGADA PSGNR ,536
'57272',RGDA BZA PASS  ,536
'57273',UBL TIRUPATI PA,579
'57274',TPTY UBL PASS  ,579
'57305',KCGGNT PASS    ,623
'57306',GNT KCG  PASS  ,623
'57477',TPTY GTL PASS  ,371
'57478',GTL TPTY PASS  ,371
'57515',DAUND NANDED PA,586
'57516',NED DD PASNGR  ,586
'57549',AURANGABAD PSGR,582
'57550',HYDERABAD PASS ,582
'57563',HYB PBN PAS    ,340
'57564',NED HYB PAS    ,281
'57619',RAL SC FASTPASS,341
'57620',KCG RAL FASTPAS,347
'57625',KAKATIYA  F  PA,331
'57626',KAKATHIYA  F PS,331
'57651',SC RAL PASSENGE,341
'57652',RAL SC PASSENGE,341
'58011',HWH CKP PAS    ,441
'58012',CKP HWH PAS    ,441
'58013',HWH BKSC PASS  ,367
'58014',BKSC HWH  PAS  ,367
'58111',TATA ITR PASS  ,878
'58112',ITR TATA PASSGN,878
'58113',TATA BSP PASS  ,471
'58114',BSP TATA PASS  ,471
'58219',BSP CHRM PASS  ,238
'58220',CHRM BSP PASS  ,653
'58221',CHRM CHD PGR   ,214
'58222',CHD CHRM PGR   ,214
'58229',BSP REWA FST PG,466
'58230',REWA BSP F PASS,467
'58501',VSKP  KRDL  PAS,472
'58502',KRDL  VSKP  PAS,472
'58529',DURG VSKP PGR  ,564
'58530',VSKP DURG PAS  ,564
'58701',SDL ABKP PASS  ,216
'58702',ABKP SDL PASS  ,216
'58832',CWA RMO NGP PAS,148
'58835',NGP RMO CWA PAS,148
'58837',NGP RMO CWA PAS,148
'58838',CWA RMO NGP PAS,148
'58839',NGP NIR JBP PAS,398
'58840',JBP NIR NGP PAS,398
'58865',BTC JBP PASS   ,187
'58867',BTC JBP PASS   ,187
'58868',JBP BTC PASS   ,187
'58870',JBP BTC PASS   ,187
'58871',BTC JBP PASS   ,187
'59013',BHUSAVAL PASS  ,336
'59014',SURAT PASSENGER,336
'59025',ST AMRAVATI PAS,563
'59026',SURAT FAST PASS,563
'59075',BHUSAVAL PASS  ,336
'59076',BSL ST BCT PASS,336
'59077',BHUSAVAL PASS  ,336
'59078',SURAT PASSENGER,336
'59207',BVC OKHA PASS  ,538
'59208',BHAVNAGAR PASS ,538
'59230',BVC ST LINK EXP,526
'59272',BVC DEE LINK EX,1159
'59307',INDB AII LINK E,685
'59320',BPL RTM PASS   ,280
'59385',PANCHVALLEY PAS,554
'59386',PANCHVALLEY  PA,1545
'59389',BHOPAL PASSENGE,263
'59390',BPL INDB PASS  ,263
'59393',DHD HBJ FAST PA,400
'59394',HBJ DHD FAST PA,400
'59439',AHMADABAD PASS ,491
'59440',AHMADABAD PASS ,462
'59441',AHMEDABAD PASS ,491
'59442',AHMEDABAD PASS ,491
'59460',VRL BCT PASS EX,923
'59547',OKHA PASSENGER ,499
'59548',OKHA ADI PASS  ,499
'59801',KOTA JAIPUR PAS,240
'59802',JP RTM FASTPASS,506
'59811',HALDIGHATI PASS,694
'59812',HALDIGHATI PASS,694
'59821',KOTA BIX PASS  ,500
'59822',BIX KOTA PASS  ,500
'72451',RAIL MOTOR     ,96
'72452',RAIL MOTOR     ,96
'74639',BAHL  SINA     ,79
'74640',SINA   BAHL    ,79
'83131',GRD DNR LINK   ,298
'83132',DNR GRD LINK EX,298
'84369',TRIBENI EXPRESS,862
