Id,Label
BBS ,BBS 
BAM ,BAM 
VSKP,VSKP
BZA ,BZA 
RU  ,RU  
JTJ ,JTJ 
BNC ,BNC 
DR  ,DR  
TNA ,TNA 
KYN ,KYN 
IGP ,IGP 
NK  ,NK  
CSN ,CSN 
JL  ,JL  
BSL ,BSL 
PC  ,PC  
JMD ,JMD 
SHF ,SHF 
DHI ,DHI 
NGN ,NGN 
MMR ,MMR 
LS  ,LS  
DVL ,DVL 
KSRA,KSRA
CSTM,CSTM
JM  ,JM  
PVR ,PVR 
KMN ,KMN 
KWV ,KWV 
JEUR,JEUR
BGVN,BGVN
DD  ,DD  
ANG ,ANG 
BAP ,BAP 
KPG ,KPG 
BDWD,BDWD
MKU ,MKU 
NN  ,NN  
SEG ,SEG 
AK  ,AK  
MZR ,MZR 
BD  ,BD  
NAVI,NAVI
SUR ,SUR 
MO  ,MO  
MA  ,MA  
BTW ,BTW 
UMD ,UMD 
LUR ,LUR 
LTRR,LTRR
PRLI,PRLI
PBN ,PBN 
PAU ,PAU 
HNL ,HNL 
WHM ,WHM 
CND ,CND 
DMN ,DMN 
PLO ,PLO 
WR  ,WR  
NGP ,NGP 
KOP ,KOP 
RKD ,RKD 
HTK ,HTK 
MRJ ,MRJ 
KVK ,KVK 
DLGN,DLGN
SGLA,SGLA
MLB ,MLB 
PNF ,PNF 
GNH ,GNH 
ARAG,ARAG
SGRE,SGRE
JTRD,JTRD
PUNE,PUNE
KNW ,KNW 
HD  ,HD  
ET  ,ET  
PPI ,PPI 
NU  ,NU  
MML ,MML 
JBP ,JBP 
GAR ,GAR 
LTT ,LTT 
HBD ,HBD 
HBJ ,HBJ 
BINA,BINA
JHS ,JHS 
ORAI,ORAI
CNB ,CNB 
LKO ,LKO 
KPD ,KPD 
MAS ,MAS 
DVD ,DVD 
VZM ,VZM 
KUR ,KUR 
BHC ,BHC 
KGP ,KGP 
HWH ,HWH 
RPH ,RPH 
MLDT,MLDT
KNE ,KNE 
NJP ,NJP 
NBQ ,NBQ 
KYQ ,KYQ 
GLPT,GLPT
PSA ,PSA 
PNVL,PNVL
G   ,G   
DURG,DURG
R   ,R   
BSP ,BSP 
JSG ,JSG 
ROU ,ROU 
CKP ,CKP 
PRR ,PRR 
JOC ,JOC 
ASN ,ASN 
UDL ,UDL 
RQJ ,RQJ 
NCB ,NCB 
NOQ ,NOQ 
SC  ,SC  
KZJ ,KZJ 
BPQ ,BPQ 
LJN ,LJN 
GD  ,GD  
BST ,BST 
GKP ,GKP 
VSG ,VSG 
MAO ,MAO 
SVM ,SVM 
QLM ,QLM 
CLR ,CLR 
LD  ,LD  
LWR ,LWR 
DWR ,DWR 
UBL ,UBL 
HVR ,HVR 
RNR ,RNR 
HRR ,HRR 
DVG ,DVG 
JRU ,JRU 
RRB ,RRB 
DRU ,DRU 
ASK ,ASK 
TTR ,TTR 
AMSA,AMSA
TK  ,TK  
YPR ,YPR 
SBC ,SBC 
CBE ,CBE 
ERS ,ERS 
AKP ,AKP 
SLO ,SLO 
RJY ,RJY 
TPTY,TPTY
EE  ,EE  
OGL ,OGL 
NLR ,NLR 
GDR ,GDR 
KJM ,KJM 
SBG ,SBG 
PPT ,PPT 
CLG ,CLG 
EKC ,EKC 
GGA ,GGA 
BGP ,BGP 
AKN ,AKN 
SGG ,SGG 
BUP ,BUP 
JMP ,JMP 
DRH ,DRH 
AHA ,AHA 
KJH ,KJH 
KIUL,KIUL
LKR ,LKR 
BRYA,BRYA
HTZ ,HTZ 
MKA ,MKA 
BARH,BARH
ATL ,ATL 
BKP ,BKP 
KOO ,KOO 
FUT ,FUT 
PNC ,PNC 
RJPB,RJPB
PNBE,PNBE
DNR ,DNR 
KWO ,KWO 
DMRX,DMRX
NAT ,NAT 
KPRD,KPRD
RPUR,RPUR
MSDN,MSDN
UREN,UREN
DNRE,DNRE
PHK ,PHK 
ANVT,ANVT
GZB ,GZB 
MTC ,MTC 
MOZ ,MOZ 
SRE ,SRE 
UMB ,UMB 
LDH ,LDH 
JRC ,JRC 
PTKC,PTKC
JAT ,JAT 
UHP ,UHP 
SVDK,SVDK
BE  ,BE  
MB  ,MB  
NDLS,NDLS
DBG ,DBG 
SPJ ,SPJ 
MFP ,MFP 
HJP ,HJP 
CPR ,CPR 
SV  ,SV  
DEOS,DEOS
DLI ,DLI 
DEE ,DEE 
ROK ,ROK 
JIND,JIND
NRW ,NRW 
JHL ,JHL 
DUI ,DUI 
BJU ,BJU 
BKN ,BKN 
NPS ,NPS 
SDF ,SDF 
SDGH,SDGH
RJR ,RJR 
RTGH,RTGH
CUR ,CUR 
SDLP,SDLP
LHU ,LHU 
MHRG,MHRG
RE  ,RE  
DSA ,DSA 
BTU ,BTU 
SMQL,SMQL
TPZ ,TPZ 
RK  ,RK  
HW  ,HW  
JU  ,JU  
RKB ,RKB 
MMY ,MMY 
TIW ,TIW 
OSN ,OSN 
MWT ,MWT 
PLCJ,PLCJ
RDRA,RDRA
AQG ,AQG 
SBLT,SBLT
JSM ,JSM 
JUD ,JUD 
CDG ,CDG 
RPAR,RPAR
NLDM,NLDM
BSB ,BSB 
SLN ,SLN 
SPN ,SPN 
CC  ,CC  
JAJ ,JAJ 
STL ,STL 
BTT ,BTT 
JSME,JSME
MW  ,MW  
EKMA,EKMA
DGA ,DGA 
SEE ,SEE 
DES ,DES 
MNO ,MNO 
SPP ,SPP 
MOG ,MOG 
VPDA,VPDA
BCA ,BCA 
KLD ,KLD 
THE ,THE 
TOI ,TOI 
POU ,POU 
RKL ,RKL 
CPJ ,CPJ 
MUR ,MUR 
BBK ,BBK 
BNZ ,BNZ 
SCC ,SCC 
APDJ,APDJ
APD ,APD 
TFGN,TFGN
AGMN,AGMN
GKJ ,GKJ 
GUP ,GUP 
DBB ,DBB 
RNY ,RNY 
CGS ,CGS 
GHY ,GHY 
JID ,JID 
CPK ,CPK 
HJI ,HJI 
LKA ,LKA 
LMG ,LMG 
DPU ,DPU 
DMV ,DMV 
BXJ ,BXJ 
SZR ,SZR 
FKG ,FKG 
TTB ,TTB 
MXN ,MXN 
AGI ,AGI 
NMT ,NMT 
SLGR,SLGR
BOJ ,BOJ 
SPK ,SPK 
BFD ,BFD 
NAM ,NAM 
NHK ,NHK 
DJG ,DJG 
NTSK,NTSK
CHB ,CHB 
DBRG,DBRG
MS  ,MS  
TBM ,TBM 
CGL ,CGL 
VM  ,VM  
VRI ,VRI 
TPJ ,TPJ 
DG  ,DG  
KQN ,KQN 
MDU ,MDU 
VPT ,VPT 
SRT ,SRT 
CVP ,CVP 
MEJ ,MEJ 
TEN ,TEN 
MBM ,MBM 
AJJ ,AJJ 
SA  ,SA  
ED  ,ED  
TUP ,TUP 
CBF ,CBF 
PTJ ,PTJ 
PGT ,PGT 
OTP ,OTP 
TCR ,TCR 
AWY ,AWY 
ERN ,ERN 
PER ,PER 
TLGP,TLGP
SRF ,SRF 
ANF ,ANF 
SMET,SMET
SME ,SME 
BDVT,BDVT
TKE ,TKE 
HAS ,HAS 
HLN ,HLN 
MGF ,MGF 
KRNR,KRNR
MYS ,MYS 
KOJ ,KOJ 
DQG ,DQG 
BOE ,BOE 
DGR ,DGR 
ADRA,ADRA
BQA ,BQA 
VSU ,VSU 
MDN ,MDN 
HIJ ,HIJ 
BLS ,BLS 
CTC ,CTC 
CHE ,CHE 
NGNT,NGNT
TEL ,TEL 
KTYM,KTYM
TRVL,TRVL
CNGR,CNGR
KYJ ,KYJ 
QLN ,QLN 
KCVL,KCVL
BGM ,BGM 
GPB ,GPB 
KUD ,KUD 
BWT ,BWT 
KPN ,KPN 
TPT ,TPT 
YLM ,YLM 
TUNI,TUNI
ANV ,ANV 
APT ,APT 
KYM ,KYM 
KVR ,KVR 
NDD ,NDD 
MDR ,MDR 
KMT ,KMT 
MABD,MABD
WL  ,WL  
ZN  ,ZN  
KOU ,KOU 
RJP ,RJP 
NRE ,NRE 
HX  ,HX  
YA  ,YA  
MOO ,MOO 
TU  ,TU  
GY  ,GY  
GTL ,GTL 
BAY ,BAY 
TNGL,TNGL
HPT ,HPT 
KBL ,KBL 
GDG ,GDG 
COA ,COA 
CCT ,CCT 
GVN ,GVN 
TDD ,TDD 
GNT ,GNT 
SAP ,SAP 
PGRL,PGRL
NDKD,NDKD
MRGA,MRGA
NLDA,NLDA
HYB ,HYB 
DKJ ,DKJ 
PVP ,PVP 
VBL ,VBL 
NRT ,NRT 
VKN ,VKN 
DKD ,DKD 
MRK ,MRK 
CBM ,CBM 
GID ,GID 
NDL ,NDL 
DHNE,DHNE
ATP ,ATP 
DMM ,DMM 
CLX ,CLX 
KHT ,KHT 
TNKU,TNKU
BVRT,BVRT
AKVD,AKVD
KKLR,KKLR
GDV ,GDV 
PAV ,PAV 
CLU ,CLU 
MTM ,MTM 
KVZ ,KVZ 
BPP ,BPP 
BDCR,BDCR
KRA ,KRA 
NKD ,NKD 
ALER,ALER
BG  ,BG  
PURI,PURI
JJKR,JJKR
BYT ,BYT 
BPHB,BPHB
RJN ,RJN 
PAR ,PAR 
BPL ,BPL 
SEH ,SEH 
SJP ,SJP 
BCH ,BCH 
UJN ,UJN 
NAD ,NAD 
SGZ ,SGZ 
RMA ,RMA 
KOTA,KOTA
IDG ,IDG 
SWM ,SWM 
BNLW,BNLW
DPA ,DPA 
JP  ,JP  
FL  ,FL  
KMNC,KMNC
MKN ,MKN 
DNA ,DNA 
MTD ,MTD 
GOTN,GOTN
BGKT,BGKT
BWM ,BWM 
NGO ,NGO 
NOK ,NOK 
DSO ,DSO 
SBP ,SBP 
BRGA,BRGA
BLGR,BLGR
TIG ,TIG 
KSNG,KSNG
MNGD,MNGD
RGDA,RGDA
PAK ,PAK 
CTO ,CTO 
SRC ,SRC 
CRJ ,CRJ 
PND ,PND 
APR ,APR 
SDL ,SDL 
NKJ ,NKJ 
UMR ,UMR 
KMZ ,KMZ 
DMO ,DMO 
SGO ,SGO 
MAKR,MAKR
AGD ,AGD 
GWL ,GWL 
AGC ,AGC 
PWL ,PWL 
TKD ,TKD 
NDT ,NDT 
MVJ ,MVJ 
KLH ,KLH 
DRB ,DRB 
RPZ ,RPZ 
UDZ ,UDZ 
AII ,AII 
KSG ,KSG 
RNW ,RNW 
RGS ,RGS 
SMPR,SMPR
NMK ,NMK 
DBLA,DBLA
NNL ,NNL 
AEL ,AEL 
GGN ,GGN 
DEC ,DEC 
NRI ,NRI 
NSD ,NSD 
BJNR,BJNR
BHL ,BHL 
CNA ,CNA 
GGC ,GGC 
SMBJ,SMBJ
HAN ,HAN 
BXN ,BXN 
BTE ,BTE 
MTJ ,MTJ 
FDB ,FDB 
NZM ,NZM 
BTC ,BTC 
SMC ,SMC 
CRN ,CRN 
LTA ,LTA 
NWA ,NWA 
NIR ,NIR 
PDE ,PDE 
GNS ,GNS 
SKY ,SKY 
BUQ ,BUQ 
HBG ,HBG 
DIVA,DIVA
MNI ,MNI 
KHED,KHED
CHI ,CHI 
SGR ,SGR 
RN  ,RN  
ADVI,ADVI
RAJP,RAJP
VBW ,VBW 
KKW ,KKW 
SNDD,SNDD
KUDL,KUDL
SWV ,SWV 
PERN,PERN
THVM,THVM
KRMI,KRMI
VEN ,VEN 
VID ,VID 
KAWR,KAWR
BTJL,BTJL
UD  ,UD  
TOK ,TOK 
MAJN,MAJN
KGQ ,KGQ 
CAN ,CAN 
CLT ,CLT 
TIR ,TIR 
SRR ,SRR 
ROHA,ROHA
VEER,VEER
SVX ,SVX 
AVRD,AVRD
NAN ,NAN 
KJT ,KJT 
LNL ,LNL 
STR ,STR 
KRD ,KRD 
TKR ,TKR 
SLI ,SLI 
BAND,BAND
VLR ,VLR 
ARV ,ARV 
PRL ,PRL 
TNM ,TNM 
TRK ,TRK 
PDY ,PDY 
NRL ,NRL 
KAD ,KAD 
TGN ,TGN 
KK  ,KK  
SVJR,SVJR
CCH ,CCH 
PMP ,PMP 
NED ,NED 
DUD ,DUD 
GUR ,GUR 
GR  ,GR  
SDB ,SDB 
WADI,WADI
YG  ,YG  
KSN ,KSN 
RC  ,RC  
MALM,MALM
AD  ,AD  
KLU ,KLU 
SSPN,SSPN
HUP ,HUP 
BNCE,BNCE
XXXX,XXXX
HSRA,HSRA
DPJ ,DPJ 
OML ,OML 
RV  ,RV  
BAU ,BAU 
NPNR,NPNR
KKN ,KKN 
TBN ,TBN 
MDDP,MDDP
BHS ,BHS 
BAQ ,BAQ 
LAR ,LAR 
BAB ,BAB 
CGN ,CGN 
AIT ,AIT 
KPI ,KPI 
PHN ,PHN 
BZM ,BZM 
GOY ,GOY 
ON  ,ON  
BV  ,BV  
WST ,WST 
MSB ,MSB 
TDPR,TDPR
CDM ,CDM 
SY  ,SY  
MV  ,MV  
TVR ,TVR 
NGT ,NGT 
NCR ,NCR 
KIK ,KIK 
SEM ,SEM 
TDU ,TDU 
BMT ,BMT 
SPT ,SPT 
IPM ,IPM 
CAP ,CAP 
BALU,BALU
KRR ,KRR 
DEHR,DEHR
ALN ,ALN 
JJR ,JJR 
NIRA,NIRA
LNN ,LNN 
WTR ,WTR 
KRG ,KRG 
KOV ,KOV 
BVQ ,BVQ 
JSP ,JSP 
VV  ,VV  
GPR ,GPR 
KJ  ,KJ  
CKHS,CKHS
MHPE,MHPE
CHOK,CHOK
KEM ,KEM 
HG  ,HG  
AKOR,AKOR
NW  ,NW  
SADP,SADP
MTU ,MTU 
KO  ,KO  
KGL ,KGL 
NRR ,NRR 
RLO ,RLO 
KDP ,KDP 
KKM ,KKM 
PUT ,PUT 
TRT ,TRT 
TRL ,TRL 
RMP ,RMP 
TAZ ,TAZ 
MSR ,MSR 
SIW ,SIW 
GRMT,GRMT
NMGT,NMGT
VRB ,VRB 
IDR ,IDR 
NBL ,NBL 
BJP ,BJP 
KTE ,KTE 
MYR ,MYR 
STA ,STA 
MKP ,MKP 
ALD ,ALD 
ALY ,ALY 
GYN ,GYN 
MUV ,MUV 
BCY ,BCY 
ARJ ,ARJ 
GCT ,GCT 
BUI ,BUI 
LSI ,LSI 
MAU ,MAU 
BIR ,BIR 
MDVR,MDVR
NDE ,NDE 
BPF ,BPF 
SGP ,SGP 
BVNR,BVNR
KY  ,KY  
SRID,SRID
JSV ,JSV 
SHR ,SHR 
JTW ,JTW 
ABLE,ABLE
DBR ,DBR 
SRJ ,SRJ 
JSR ,JSR 
URI ,URI 
KDG ,KDG 
NYN ,NYN 
PRG ,PRG 
PFM ,PFM 
PB  ,PB  
SYC ,SYC 
PLP ,PLP 
URPR,URPR
YL  ,YL  
BYHA,BYHA
JNH ,JNH 
SQN ,SQN 
SAW ,SAW 
MOF ,MOF 
BOY ,BOY 
PRF ,PRF 
KEH ,KEH 
SWPR,SWPR
CHH ,CHH 
JKN ,JKN 
DLR ,DLR 
IAA ,IAA 
BLTR,BLTR
LRD ,LRD 
SEGM,SEGM
SRU ,SRU 
TGP ,TGP 
SNI ,SNI 
AJNI,AJNI
ITR ,ITR 
KP  ,KP  
BRD ,BRD 
TMR ,TMR 
TRO ,TRO 
VNA ,VNA 
CJ  ,CJ  
MLMR,MLMR
SRGM,SRGM
AWB ,AWB 
J   ,J   
KNVT,KNVT
ADB ,ADB 
MJRI,MJRI
NRKR,NRKR
AMLA,AMLA
BZU ,BZU 
GDYA,GDYA
MGS ,MGS 
BBU ,BBU 
SSM ,SSM 
DOS ,DOS 
GAYA,GAYA
KQR ,KQR 
PNME,PNME
DHN ,DHN 
SED ,SED 
UGR ,UGR 
CNC ,CNC 
RBG ,RBG 
CKR ,CKR 
GKK ,GKK 
SUL ,SUL 
KNP ,KNP 
ADI ,ADI 
ND  ,ND  
ANND,ANND
BRC ,BRC 
BH  ,BH  
ST  ,ST  
NVS ,NVS 
VAPI,VAPI
BSR ,BSR 
BIRD,BIRD
MAY ,MAY 
JNU ,JNU 
SHG ,SHG 
KRND,KRND
SMZ ,SMZ 
AMH ,AMH 
ZBD ,ZBD 
MMA ,MMA 
BFJ ,BFJ 
RM  ,RM  
MWK ,MWK 
BRVR,BRVR
MHAD,MHAD
SAV ,SAV 
NB  ,NB  
TLV ,TLV 
CAER,CAER
BNI ,BNI 
ODG ,ODG 
SCI ,SCI 
GLG ,GLG 
MABA,MABA
DUA ,DUA 
JLN ,JLN 
TBT ,TBT 
BZY ,BZY 
DAA ,DAA 
SOR ,SOR 
DBA ,DBA 
MRA ,MRA 
DHO ,DHO 
RKM ,RKM 
KSV ,KSV 
BVH ,BVH 
SZM ,SZM 
BHD ,BHD 
NUR ,NUR 
SNP ,SNP 
GNU ,GNU 
SMK ,SMK 
PNP ,PNP 
GRA ,GRA 
KUN ,KUN 
TRR ,TRR 
NLKR,NLKR
KKDE,KKDE
SHDM,SHDM
UBC ,UBC 
RPJ ,RPJ 
PTA ,PTA 
NBA ,NBA 
MET ,MET 
AHH ,AHH 
PHR ,PHR 
GRY ,GRY 
PGW ,PGW 
JUC ,JUC 
BEAS,BEAS
JNL ,JNL 
ASR ,ASR 
KRE ,KRE 
RDDE,RDDE
ANDI,ANDI
BHLP,BHLP
YFP ,YFP 
SIP ,SIP 
MCRD,MCRD
MTDM,MTDM
TMV ,TMV 
CHSM,CHSM
ATU ,ATU 
ETP ,ETP 
VGE ,VGE 
APN ,APN 
SXT ,SXT 
PBH ,PBH 
AME ,AME 
RBL ,RBL 
FD  ,FD  
MRPR,MRPR
HPP ,HPP 
MBA ,MBA 
BNDA,BNDA
ATE ,ATE 
CKTD,CKTD
KYE ,KYE 
GAJ ,GAJ 
PHA ,PHA 
BNU ,BNU 
UHR ,UHR 
UDGR,UDGR
KMNR,KMNR
BHLK,BHLK
BIDR,BIDR
SIR ,SIR 
KNN ,KNN 
TDO ,TDO 
DZA ,DZA 
MEX ,MEX 
KTHU,KTHU
SMBX,SMBX
VJPJ,VJPJ
HRNR,HRNR
COI ,COI 
MZP ,MZP 
VRL ,VRL 
KSD ,KSD 
JND ,JND 
NUD ,NUD 
GDL ,GDL 
RJT ,RJT 
WKR ,WKR 
SUNR,SUNR
VG  ,VG  
BL  ,BL  
DRD ,DRD 
MAN ,MAN 
LUNI,LUNI
PMY ,PMY 
MJ  ,MJ  
FA  ,FA  
ABR ,ABR 
PNU ,PNU 
MSH ,MSH 
CLDY,CLDY
SBT ,SBT 
BHUJ,BHUJ
AJE ,AJE 
AI  ,AI  
GIMB,GIMB
BCOB,BCOB
SIOB,SIOB
DHG ,DHG 
BDL ,BDL 
CAR ,CAR 
KEI ,KEI 
GOK ,GOK 
KT  ,KT  
HNA ,HNA 
MRDW,MRDW
KUDA,KUDA
MULK,MULK
KZE ,KZE 
PAY ,PAY 
TLY ,TLY 
BOR ,BOR 
GDA ,GDA 
DHD ,DHD 
RTM ,RTM 
MKC ,MKC 
SFY ,SFY 
BRRG,BRRG
RTA ,RTA 
GUNA,GUNA
SVPI,SVPI
CBK ,CBK 
BVI ,BVI 
BDTS,BDTS
KOAA,KOAA
BP  ,BP  
BWN ,BWN 
MDP ,MDP 
ARA ,ARA 
BXR ,BXR 
MOTH,MOTH
BWR ,BWR 
NEW ,NEW 
BTX ,BTX 
KLAR,KLAR
KHU ,KHU 
BTKP,BTKP
BRG ,BRG 
DSS ,DSS 
KRBP,KRBP
DOL ,DOL 
BNR ,BNR 
SAI ,SAI 
DDA ,DDA 
BTK ,BTK 
BHTR,BHTR
GB  ,GB  
SWA ,SWA 
MSW ,MSW 
CLJ ,CLJ 
BUW ,BUW 
PMN ,PMN 
LLR ,LLR 
INDB,INDB
MGG ,MGG 
DWX ,DWX 
NRGR,NRGR
ANKX,ANKX
RGO ,RGO 
LSR ,LSR 
PTU ,PTU 
SELU,SELU
BMF ,BMF 
KATL,KATL
MTY ,MTY 
BUDI,BUDI
MLGH,MLGH
COR ,COR 
JOB ,JOB 
KKU ,KKU 
MUE ,MUE 
UMRI,UMRI
DAB ,DAB 
BSX ,BSX 
NZB ,NZB 
REWA,REWA
KTES,KTES
BRS ,BRS 
BUH ,BUH 
KTMA,KTMA
BJRI,BJRI
BRH ,BRH 
KTO ,KTO 
BSPR,BSPR
ABKP,ABKP
GRO ,GRO 
SQL ,SQL 
BGTA,BGTA
GMD ,GMD 
BKH ,BKH 
SCKR,SCKR
BNE ,BNE 
KKB ,KKB 
BMR ,BMR 
BHTN,BHTN
BRGT,BRGT
DOE ,DOE 
GSPR,GSPR
REI ,REI 
SYA ,SYA 
MKRN,MKRN
NOI ,NOI 
JRK ,JRK 
KAH ,KAH 
BET ,BET 
SMT ,SMT 
NRPD,NRPD
PKD ,PKD 
GBD ,GBD 
DBU ,DBU 
YNK ,YNK 
SNF ,SNF 
LPI ,LPI 
SKP ,SKP 
VKB ,VKB 
NAW ,NAW 
KQT ,KQT 
MQR ,MQR 
CT  ,CT  
NSL ,NSL 
MVO ,MVO 
BOKR,BOKR
HEM ,HEM 
SHSK,SHSK
PMKT,PMKT
LNT ,LNT 
KAYR,KAYR
WANI,WANI
WRR ,WRR 
HGT ,HGT 
AMI ,AMI 
TVL ,TVL 
BSRX,BSRX
LMT ,LMT 
BGK ,BGK 
GED ,GED 
BDM ,BDM 
HLAR,HLAR
MLP ,MLP 
BLR ,BLR 
HBL ,HBL 
NGR ,NGR 
KHBJ,KHBJ
BEHR,BEHR
MWJ ,MWJ 
SGAM,SGAM
SGRL,SGRL
OBR ,OBR 
CPU ,CPU 
RNQ ,RNQ 
DXN ,DXN 
WDM ,WDM 
NUQ ,NUQ 
GHQ ,GHQ 
GHD ,GHD 
DTO ,DTO 
BRWD,BRWD
CPDR,CPDR
LTHR,LTHR
TORI,TORI
MGME,MGME
KLRE,KLRE
RAY ,RAY 
PTRU,PTRU
BRKA,BRKA
RRME,RRME
CNPR,CNPR
GMIA,GMIA
BKRO,BKRO
BRMO,BRMO
PUS ,PUS 
BHME,BHME
CRP ,CRP 
KTH ,KTH 
KMME,KMME
ULT ,ULT 
RNG ,RNG 
BRR ,BRR 
OKA ,OKA 
DKZ ,DKZ 
SSB ,SSB 
BGZ ,BGZ 
SFM ,SFM 
SAG ,SAG 
SBD ,SBD 
UDR ,UDR 
NDB ,NDB 
SMNH,SMNH
MLHA,MLHA
JLR ,JLR 
VRR ,VRR 
BKNG,BKNG
THAN,THAN
MHD ,MHD 
DRL ,DRL 
MGN ,MGN 
KUH ,KUH 
TAN ,TAN 
KSH ,KSH 
AKD ,AKD 
KPP ,KPP 
PRB ,PRB 
BIH ,BIH 
MFQ ,MFQ 
VST ,VST 
NWB ,NWB 
BRGW,BRGW
MNV ,MNV 
ASKN,ASKN
SFW ,SFW 
JKE ,JKE 
ETW ,ETW 
TDL ,TDL 
ALJN,ALJN
KLK ,KLK 
BCT ,BCT 
AWR ,AWR 
ANVR,ANVR
DDN ,DDN 
BKSC,BKSC
MURI,MURI
GATD,GATD
RNC ,RNC 
GTS ,GTS 
TATA,TATA
SINI,SINI
CBSA,CBSA
DPS ,DPS 
NOMD,NOMD
BJMD,BJMD
BBN ,BBN 
JMT ,JMT 
JMU ,JMU 
GADJ,GADJ
AF  ,AF  
TUN ,TUN 
KGM ,KGM 
HDW ,HDW 
LKU ,LKU 
RUPC,RUPC
RMU ,RMU 
DKAE,DKAE
BHP ,BHP 
NFK ,NFK 
JGN ,JGN 
MOGA,MOGA
MSZ ,MSZ 
BTI ,BTI 
TKJ ,TKJ 
DBD ,DBD 
SASN,SASN
KART,KART
ANSB,ANSB
UHL ,UHL 
MRND,MRND
PTNR,PTNR
JTTN,JTTN
RIG ,RIG 
KHS ,KHS 
SKT ,SKT 
BUA ,BUA 
CPH ,CPH 
NIA ,NIA 
AKT ,AKT 
TLD ,TLD 
DGG ,DGG 
JER ,JER 
SORO,SORO
FK  ,FK  
AFK ,AFK 
SRTL,SRTL
ALLP,ALLP
VAK ,VAK 
TVC ,TVC 
SPE ,SPE 
BDJ ,BDJ 
MVLK,MVLK
KMU ,KMU 
TJ  ,TJ  
IGU ,IGU 
NR  ,NR  
SNSI,SNSI
BYNR,BYNR
SL  ,SL  
BRZ ,BRZ 
BLZ ,BLZ 
MAUR,MAUR
GNA ,GNA 
GJUT,GJUT
KKP ,KKP 
FDK ,FDK 
FZR ,FZR 
BPK ,BPK 
SNN ,SNN 
NGI ,NGI 
CKNI,CKNI
BUX ,BUX 
TAE ,TAE 
CD  ,CD  
BUPH,BUPH
GNVR,GNVR
NHH ,NHH 
MFKA,MFKA
MSMD,MSMD
KRAR,KRAR
KBJ ,KBJ 
BUDM,BUDM
SBPD,SBPD
ANGL,ANGL
TLHR,TLHR
DNKL,DNKL
NRG ,NRG 
JEP ,JEP 
NMP ,NMP 
GKL ,GKL 
TMT ,TMT 
GMO ,GMO 
KID ,KID 
PNK ,PNK 
RURA,RURA
JJK ,JJK 
PHD ,PHD 
SKB ,SKB 
FZD ,FZD 
CAG ,CAG 
BAZ ,BAZ 
ATH ,ATH 
CKB ,CKB 
ISA ,ISA 
MJG ,MJG 
KRNT,KRNT
GWD ,GWD 
MBNR,MBNR
KCG ,KCG 
MJF ,MJF 
RDM ,RDM 
SKZR,SKZR
IDH ,IDH 
AH  ,AH  
NBI ,NBI 
KL  ,KL  
MURD,MURD
BKI ,BKI 
DO  ,DO  
GTJT,GTJT
BDWS,BDWS
KLRS,KLRS
ANKL,ANKL
BIJR,BIJR
SHC ,SHC 
SBV ,SBV 
KGG ,KGG 
BGS ,BGS 
HRI ,HRI 
BLQR,BLQR
LRJ ,LRJ 
BMKI,BMKI
SGL ,SGL 
BTH ,BTH 
NKE ,NKE 
RNN ,RNN 
SUH ,SUH 
LPNR,LPNR
GNC ,GNC 
MLPR,MLPR
ABP ,ABP 
AY  ,AY  
RDL ,RDL 
HPU ,HPU 
DPR ,DPR 
NGG ,NGG 
NBD ,NBD 
JUDW,JUDW
MRHT,MRHT
KIR ,KIR 
SNL ,SNL 
CAF ,CAF 
MME ,MME 
NAB ,NAB 
WSA ,WSA 
SNV ,SNV 
KRBA,KRBA
GPT ,GPT 
CGY ,CGY 
SDAH,SDAH
DDJ ,DDJ 
BRAG,BRAG
ATMO,ATMO
DSNI,DSNI
BAE ,BAE 
WJR ,WJR 
AUBR,AUBR
FTP ,FTP 
HZD ,HZD 
HRS ,HRS 
KRJ ,KRJ 
CNDM,CNDM
FBD ,FBD 
KSJ ,KSJ 
PAN ,PAN 
JOP ,JOP 
BTA ,BTA 
BEA ,BEA 
RPR ,RPR 
DURE,DURE
DLN ,DLN 
GKH ,GKH 
MNAE,MNAE
OYR ,OYR 
STN ,STN 
ABFC,ABFC
BLK ,BLK 
MOP ,MOP 
JPG ,JPG 
HDB ,HDB 
KQU ,KQU 
PNE ,PNE 
AMP ,AMP 
SNT ,SNT 
MNP ,MNP 
BSQP,BSQP
PWS ,PWS 
JAIS,JAIS
PKR ,PKR 
HCR ,HCR 
JHD ,JHD 
PKA ,PKA 
DAKE,DAKE
KPK ,KPK 
RFJ ,RFJ 
NH  ,NH  
BDC ,BDC 
RGD ,RGD 
SILO,SILO
NLD ,NLD 
POE ,POE 
BEHS,BEHS
WENA,WENA
HRT ,HRT 
GMR ,GMR 
GRRU,GRRU
KTQ ,KTQ 
CDMR,CDMR
IPR ,IPR 
EKR ,EKR 
HIL ,HIL 
DNWH,DNWH
ZNA ,ZNA 
SFG ,SFG 
JAB ,JAB 
AGA ,AGA 
GDO ,GDO 
DEEG,DEEG
NMDA,NMDA
RHG ,RHG 
KRH ,KRH 
GHH ,GHH 
MEP ,MEP 
VMA ,VMA 
CMU ,CMU 
SVA ,SVA 
GOH ,GOH 
DBRT,DBRT
NNA ,NNA 
HLZ ,HLZ 
TMZ ,TMZ 
PKU ,PKU 
RMJK,RMJK
KURJ,KURJ
BNN ,BNN 
GDB ,GDB 
MOT ,MOT 
ABS ,ABS 
SGNR,SGNR
KESR,KESR
SRW ,SRW 
GJS ,GJS 
RSNR,RSNR
JES ,JES 
SOG ,SOG 
LKS ,LKS 
LGH ,LGH 
PSV ,PSV 
PM  ,PM  
BWSN,BWSN
PTRD,PTRD
DKNT,DKNT
LKE ,LKE 
NAC ,NAC 
PPR ,PPR 
SBR ,SBR 
MDW ,MDW 
REN ,REN 
GCH ,GCH 
BLM ,BLM 
ADH ,ADH 
HAPA,HAPA
JAM ,JAM 
RANI,RANI
JWB ,JWB 
AKV ,AKV 
SPZ ,SPZ 
TAPA,TAPA
PUL ,PUL 
JBN ,JBN 
FBG ,FBG 
ARQ ,ARQ 
PRNA,PRNA
SI  ,SI  
SRI ,SRI 
RGJ ,RGJ 
KAJ ,KAJ 
RDP ,RDP 
SMR ,SMR 
MKSR,MKSR
JOR ,JOR 
MON ,MON 
MBNL,MBNL
RNV ,RNV 
DQN ,DQN 
BLDI,BLDI
DDR ,DDR 
MINJ,MINJ
SMTA,SMTA
DLO ,DLO 
KDPR,KDPR
GHX ,GHX 
JPE ,JPE 
MNE ,MNE 
BPRD,BPRD
BPA ,BPA 
MCI ,MCI 
WKI ,WKI 
IJK ,IJK 
CKI ,CKI 
AMPA,AMPA
HAD ,HAD 
KPY ,KPY 
TVP ,TVP 
NDAE,NDAE
KWAE,KWAE
AZ  ,AZ  
KDKN,KDKN
ROA ,ROA 
KGLE,KGLE
FKM ,FKM 
JLD ,JLD 
USL ,USL 
CAI ,CAI 
HIR ,HIR 
BUG ,BUG 
BER ,BER 
DSJ ,DSJ 
NNO ,NNO 
BNW ,BNW 
HSR ,HSR 
DMG ,DMG 
MTR ,MTR 
MAI ,MAI 
CAA ,CAA 
PNYA,PNYA
SBZ ,SBZ 
JYG ,JYG 
MBI ,MBI 
SKI ,SKI 
HYT ,HYT 
KGI ,KGI 
MYA ,MYA 
ZPL ,ZPL 
PTB ,PTB 
KTU ,KTU 
TA  ,TA  
PGI ,PGI 
QLD ,QLD 
MAHE,MAHE
PAZ ,PAZ 
CHV ,CHV 
NLE ,NLE 
MAQ ,MAQ 
MJS ,MJS 
NYP ,NYP 
BTTR,BTTR
SKM ,SKM 
NDO ,NDO 
VNUP,VNUP
ALU ,ALU 
LLI ,LLI 
GOC ,GOC 
PDKT,PDKT
KKDI,KKDI
SHU ,SHU 
AB  ,AB  
MCN ,MCN 
GYM ,GYM 
VN  ,VN  
MLO ,MLO 
DKN ,DKN 
WFD ,WFD 
CNO ,CNO 
BKJ ,BKJ 
TRTR,TRTR
AVD ,AVD 
VARD,VARD
SDN ,SDN 
VLY ,VLY 
NCJ ,NCJ 
CAPE,CAPE
MPA ,MPA 
ABI ,ABI 
UDN ,UDN 
VYA ,VYA 
DDE ,DDE 
AN  ,AN  
SHM ,SHM 
TTL ,TTL 
SVKS,SVKS
SVPR,SVPR
RJPM,RJPM
SNKL,SNKL
PBKS,PBKS
KDNL,KDNL
TSI ,TSI 
SCT ,SCT 
GHNH,GHNH
RQP ,RQP 
JMKT,JMKT
MTP ,MTP 
MAP ,MAP 
DSPT,DSPT
CRLM,CRLM
SGE ,SGE 
BQI ,BQI 
URL ,URL 
MMK ,MMK 
TMQ ,TMQ 
KDU ,KDU 
MVN ,MVN 
TME ,TME 
TN  ,TN  
KZK ,KZK 
MAG ,MAG 
GNP ,GNP 
VDE ,VDE 
KDM ,KDM 
NZD ,NZD 
NMH ,NMH 
MDS ,MDS 
KMC ,KMC 
PDPL,PDPL
SANK,SANK
HSD ,HSD 
NRP ,NRP 
PAP ,PAP 
PIL ,PIL 
KCI ,KCI 
MPL ,MPL 
MCU ,MCU 
KRY ,KRY 
VKI ,VKI 
CTYL,CTYL
RMNP,RMNP
BN  ,BN  
HNMN,HNMN
DWP ,DWP 
NRDP,NRDP
KRMR,KRMR
LGDH,LGDH
STPD,STPD
SRNR,SRNR
MAGH,MAGH
BTBR,BTBR
MLY ,MLY 
JCL ,JCL 
BYPL,BYPL
UR  ,UR  
SHNR,SHNR
WPR ,WPR 
OBVP,OBVP
PNW ,PNW 
PRP ,PRP 
SCM ,SCM 
PVPT,PVPT
SPRD,SPRD
THV ,THV 
AMB ,AMB 
NRLR,NRLR
RPRD,RPRD
HSK ,HSK 
BGBR,BGBR
BRJN,BRJN
HTE ,HTE 
SUA ,SUA 
JGM ,JGM 
CKU ,CKU 
RHE ,RHE 
BJE ,BJE 
VAA ,VAA 
MHQ ,MHQ 
JAA ,JAA 
BLDA,BLDA
BTS ,BTS 
DNM ,DNM 
GMDN,GMDN
SLB ,SLB 
CDGR,CDGR
GBA ,GBA 
ODM ,ODM 
JPH ,JPH 
ANR ,ANR 
SSN ,SSN 
SBPY,SBPY
TLHD,TLHD
BIY ,BIY 
MID ,MID 
NWU ,NWU 
SNK ,SNK 
DXG ,DXG 
AGN ,AGN 
BPH ,BPH 
BMB ,BMB 
GP  ,GP  
MCA ,MCA 
MCS ,MCS 
KASR,KASR
DEG ,DEG 
SIL ,SIL 
NWP ,NWP 
CPP ,CPP 
KAPG,KAPG
KIT ,KIT 
DGHA,DGHA
AJU ,AJU 
KGB ,KGB 
BIG ,BIG 
AAL ,AAL 
BYL ,BYL 
SLH ,SLH 
ULB ,ULB 
KATI,KATI
RMRB,RMRB
CNI ,CNI 
BBM ,BBM 
VT  ,VT  
GUD ,GUD 
RKSN,RKSN
SWR ,SWR 
GOL ,GOL 
MOU ,MOU 
BNDM,BNDM
GPH ,GPH 
BEH ,BEH 
RGL ,RGL 
HKG ,HKG 
BRPL,BRPL
SFC ,SFC 
RMT ,RMT 
RBGJ,RBGJ
BHKD,BHKD
GNG ,GNG 
MXK ,MXK 
JPL ,JPL 
NBG ,NBG 
CJN ,CJN 
SNTD,SNTD
BGY ,BGY 
BPO ,BPO 
KCV ,KCV 
BTQ ,BTQ 
JOL ,JOL 
JRG ,JRG 
TKH ,TKH 
ROP ,ROP 
HIP ,HIP 
MKO ,MKO 
MRDL,MRDL
BONA,BONA
RAIR,RAIR
LSX ,LSX 
PLG ,PLG 
MUT ,MUT 
PBR ,PBR 
LPJ ,LPJ 
KMBL,KMBL
DWK ,DWK 
OKHA,OKHA
SBI ,SBI 
UJA ,UJA 
BIM ,BIM 
AML ,AML 
MRL ,MRL 
SCH ,SCH 
VS  ,VS  
VR  ,VR  
CNBI,CNBI
BVC ,BVC 
SGD ,SGD 
DLJ ,DLJ 
BTD ,BTD 
JVN ,JVN 
NGA ,NGA 
ALMR,ALMR
UJ  ,UJ  
SOA ,SOA 
WC  ,WC  
LM  ,LM  
SOJN,SOJN
VTJ ,VTJ 
BVP ,BVP 
DAS ,DAS 
LMO ,LMO 
SVKD,SVKD
RLA ,RLA 
MHV ,MHV 
WSJ ,WSJ 
UA  ,UA  
DISA,DISA
DEOR,DEOR
RDHP,RDHP
SNLR,SNLR
THDR,THDR
BMI ,BMI 
UNL ,UNL 
KIN ,KIN 
JHW ,JHW 
RUR ,RUR 
CHZ ,CHZ 
CHP ,CHP 
SOH ,SOH 
SOD ,SOD 
FAN ,FAN 
MDL ,MDL 
GBP ,GBP 
JAO ,JAO 
BSE ,BSE 
BCN ,BCN 
ROZA,ROZA
VDS ,VDS 
GHR ,GHR 
MKB ,MKB 
MOR ,MOR 
GZH ,GZH 
NEO ,NEO 
SDE ,SDE 
KWR ,KWR 
KUA ,KUA 
BYN ,BYN 
BRE ,BRE 
SRO ,SRO 
KGA ,KGA 
BKO ,BKO 
ULD ,ULD 
BNT ,BNT 
JGR ,JGR 
BDN ,BDN 
CHJ ,CHJ 
AST ,AST 
FDN ,FDN 
JNA ,JNA 
UCA ,UCA 
DHPR,DHPR
DSB ,DSB 
SNX ,SNX 
SRP ,SRP 
CGR ,CGR 
KTW ,KTW 
PSB ,PSB 
TKN ,TKN 
JHN ,JHN 
PES ,PES 
SEB ,SEB 
DGO ,DGO 
KMS ,KMS 
SYJ ,SYJ 
BTP ,BTP 
KSF ,KSF 
JLL ,JLL 
KS  ,KS  
BWI ,BWI 
GGJ ,GGJ 
ACND,ACND
SLW ,SLW 
DYD ,DYD 
SGJ ,SGJ 
SAN ,SAN 
AJI ,AJI 
TLH ,TLH 
PMR ,PMR 
NRS ,NRS 
SEO ,SEO 
JWP ,JWP 
RWL ,RWL 
DWO ,DWO 
BDH ,BDH 
MLV ,MLV 
NHT ,NHT 
MRR ,MRR 
RJG ,RJG 
TDLE,TDLE
SHE ,SHE 
MGAE,MGAE
SDI ,SDI 
DKGS,DKGS
NAZJ,NAZJ
UJP ,UJP 
KPGM,KPGM
GRL ,GRL 
NYO ,NYO 
KPS ,KPS 
DDP ,DDP 
CW  ,CW  
ZRDE,ZRDE
KEMR,KEMR
HLDD,HLDD
RNPR,RNPR
TGA ,TGA 
DUBH,DUBH
SIHO,SIHO
SLT ,SLT 
NRPA,NRPA
RGH ,RGH 
RXL ,RXL 
STJT,STJT
BHW ,BHW 
TPH ,TPH 
SRY ,SRY 
SHK ,SHK 
KSC ,KSC 
WRS ,WRS 
NWD ,NWD 
TIA ,TIA 
WZJ ,WZJ 
KML ,KML 
JNR ,JNR 
SMI ,SMI 
BGU ,BGU 
CNS ,CNS 
KAN ,KAN 
MUW ,MUW 
TWG ,TWG 
CSA ,CSA 
BWH ,BWH 
DHA ,DHA 
SLD ,SLD 
KCA ,KCA 
VYN ,VYN 
BRPT,BRPT
PDRD,PDRD
SIQ ,SIQ 
SKN ,SKN 
HRPG,HRPG
KEPR,KEPR
LBA ,LBA 
SHNG,SHNG
AKJ ,AKJ 
HGH ,HGH 
AMG ,AMG 
AO  ,AO  
CH  ,CH  
RJK ,RJK 
GVG ,GVG 
DDL ,DDL 
SOP ,SOP 
UKA ,UKA 
PAW ,PAW 
DUJ ,DUJ 
SURI,SURI
EKI ,EKI 
GZO ,GZO 
BNDP,BNDP
BLGT,BLGT
MZC ,MZC 
SVRP,SVRP
RHA ,RHA 
KNJ ,KNJ 
BTY ,BTY 
DEB ,DEB 
PLY ,PLY 
REJ ,REJ 
BEB ,BEB 
BPC ,BPC 
CSZ ,CSZ 
MBB ,MBB 
JJG ,JJG 
BQG ,BQG 
LGL ,LGL 
AYRN,AYRN
STLR,STLR
STW ,STW 
DAKA,DAKA
GEDE,GEDE
BNXR,BNXR
KLP ,KLP 
TLJ ,TLJ 
SLJ ,SLJ 
BKSL,BKSL
SBO ,SBO 
MPY ,MPY 
DRTP,DRTP
HDE ,HDE 
KRS ,KRS 
CTR ,CTR 
JGD ,JGD 
MMD ,MMD 
GRD ,GRD 
BFM ,BFM 
RDUM,RDUM
KNHP,KNHP
BKG ,BKG 
ARW ,ARW 
KYT ,KYT 
GAE ,GAE 
JIA ,JIA 
MNF ,MNF 
UND ,UND 
MJA ,MJA 
KCN ,KCN 
BMU ,BMU 
MRE ,MRE 
SYWN,SYWN
MNJ ,MNJ 
BDNP,BDNP
SJT ,SJT 
RUB ,RUB 
MWH ,MWH 
KBN ,KBN 
BRN ,BRN 
JLS ,JLS 
SNS ,SNS 
KLA ,KLA 
SOM ,SOM 
DAR ,DAR 
SKQ ,SKQ 
CHL ,CHL 
WAIR,WAIR
DKDE,DKDE
DER ,DER 
SBB ,SBB 
TKBG,TKBG
MMKB,MMKB
PAIL,PAIL
RSR ,RSR 
ABKA,ABKA
SALE,SALE
BZLE,BZLE
JRLE,JRLE
NILE,NILE
DGLE,DGLE
SM  ,SM  
BKRD,BKRD
AZR ,AZR 
DLK ,DLK 
AUB ,AUB 
NMX ,NMX 
FLK ,FLK 
GDX ,GDX 
SGUJ,SGUJ
NMZ ,NMZ 
HSA ,HSA 
HOJ ,HOJ 
GJD ,GJD 
GAP ,GAP 
MLD ,MLD 
CBJ ,CBJ 
MIL ,MIL 
KNT ,KNT 
BEK ,BEK 
MZM ,MZM 
CNK ,CNK 
BLW ,BLW 
RSI ,RSI 
SJNP,SJNP
CKDL,CKDL
OMLF,OMLF
ADF ,ADF 
MANG,MANG
DOTL,DOTL
DLPH,DLPH
GRMP,GRMP
MLNH,MLNH
RMPB,RMPB
MKRH,MKRH
LAV ,LAV 
SMO ,SMO 
CRR ,CRR 
KUE ,KUE 
THB ,THB 
NNR ,NNR 
MSK ,MSK 
KFA ,KFA 
CPA ,CPA 
KJN ,KJN 
FGR ,FGR 
HTC ,HTC 
RJA ,RJA 
TPF ,TPF 
KJI ,KJI 
PDW ,PDW 
RBZ ,RBZ 
NNW ,NNW 
BAKA,BAKA
BHLE,BHLE
PNSA,PNSA
DWLE,DWLE
HPLE,HPLE
KKTA,KKTA
TETA,TETA
SUD ,SUD 
KWE ,KWE 
KTRH,KTRH
LKN ,LKN 
RJO ,RJO 
HTZU,HTZU
BNV ,BNV 
PPTA,PPTA
ADTP,ADTP
KND ,KND 
BURN,BURN
GMH ,GMH 
SDBH,SDBH
PEH ,PEH 
SDMD,SDMD
JRI ,JRI 
TET ,TET 
CCK ,CCK 
MIH ,MIH 
BLG ,BLG 
PTH ,PTH 
RAA ,RAA 
CHA ,CHA 
DOA ,DOA 
BZG ,BZG 
NRM ,NRM 
NRO ,NRO 
MQS ,MQS 
LNK ,LNK 
MXH ,MXH 
MWX ,MWX 
TEA ,TEA 
KRLR,KRLR
KRSL,KRSL
SKTN,SKTN
CUK ,CUK 
LUSA,LUSA
KCKI,KCKI
URD ,URD 
MDJ ,MDJ 
HDN ,HDN 
ANH ,ANH 
BELA,BELA
MDE ,MDE 
PPN ,PPN 
GBX ,GBX 
BANO,BANO
NXN ,NXN 
ATS ,ATS 
KTV ,KTV 
GLP ,GLP 
CJM ,CJM 
SLY ,SLY 
TUVR,TUVR
MAKM,MAKM
JRA ,JRA 
PLJE,PLJE
GMAN,GMAN
CDRL,CDRL
KTJ ,KTJ 
ATT ,ATT 
RUSD,RUSD
PMU ,PMU 
ATNR,ATNR
BAGL,BAGL
DRI ,DRI 
GJH ,GJH 
CI  ,CI  
MBS ,MBS 
AMRO,AMRO
PKW ,PKW 
CHTI,CHTI
CWA ,CWA 
PUX ,PUX 
JNO ,JNO 
NVG ,NVG 
HSX ,HSX 
BPRS,BPRS
UCB ,UCB 
MRTL,MRTL
KNDI,KNDI
PTK ,PTK 
MDPB,MDPB
CHNR,CHNR
BBMN,BBMN
LHA ,LHA 
BAT ,BAT 
DHW ,DHW 
GSP ,GSP 
GJL ,GJL 
MNDR,MNDR
CPS ,CPS 
HLDR,HLDR
BJO ,BJO 
JMK ,JMK 
KWM ,KWM 
DGU ,DGU 
NLV ,NLV 
BJF ,BJF 
BNGN,BNGN
GOGH,GOGH
DKT ,DKT 
BJ  ,BJ  
BBA ,BBA 
RG  ,RG  
KAP ,KAP 
GHJ ,GHJ 
BGQ ,BGQ 
MNQ ,MNQ 
BSC ,BSC 
FYZ ,FYZ 
KJY ,KJY 
BARL,BARL
DND ,DND 
ANTU,ANTU
KCJ ,KCJ 
HCP ,HCP 
KHNM,KHNM
UCR ,UCR 
NHN ,NHN 
FHT ,FHT 
HDL ,HDL 
KEA ,KEA 
NGB ,NGB 
PQN ,PQN 
LMN ,LMN 
RMC ,RMC 
LGO ,LGO 
GRMR,GRMR
JPD ,JPD 
DMW ,DMW 
LLJ ,LLJ 
RRS ,RRS 
TQA ,TQA 
BQP ,BQP 
VVB ,VVB 
PSE ,PSE 
SFH ,SFH 
JRR ,JRR 
ML  ,ML  
KKJ ,KKJ 
DIL ,DIL 
RBD ,RBD 
UTA ,UTA 
DLQ ,DLQ 
BGH ,BGH 
MST ,MST 
KAR ,KAR 
KUF ,KUF 
BEG ,BEG 
TDP ,TDP 
AIG ,AIG 
KH  ,KH  
BTRA,BTRA
MK  ,MK  
BLPU,BLPU
TSA ,TSA 
RYS ,RYS 
GMS ,GMS 
RMM ,RMM 
RMD ,RMD 
PMK ,PMK 
MNM ,MNM 
SVGA,SVGA
DKO ,DKO 
CUPJ,CUPJ
PLS ,PLS 
RHN ,RHN 
ALJ ,ALJ 
KPV ,KPV 
GWS ,GWS 
RMR ,RMR 
GRX ,GRX 
CIL ,CIL 
MFL ,MFL 
FTG ,FTG 
HRW ,HRW 
SWE ,SWE 
MEM ,MEM 
BTJ ,BTJ 
VPO ,VPO 
JGJ ,JGJ 
TLKH,TLKH
BANI,BANI
RUM ,RUM 
GANG,GANG
KVG ,KVG 
SAGR,SAGR
KKAH,KKAH
MLJ ,MLJ 
UTR ,UTR 
PFR ,PFR 
KHRJ,KHRJ
MKH ,MKH 
HDA ,HDA 
GLTA,GLTA
TL  ,TL  
HVD ,HVD 
MALB,MALB
MPH ,MPH 
DUB ,DUB 
BTO ,BTO 
CSB ,CSB 
MINA,MINA
MDNR,MDNR
MCQ ,MCQ 
AGY ,AGY 
SKGH,SKGH
MQX ,MQX 
BCU ,BCU 
HZR ,HZR 
GLH ,GLH 
BHDR,BHDR
MOM ,MOM 
KAT ,KAT 
KLNK,KLNK
BWK ,BWK 
HNS ,HNS 
STD ,STD 
ADR ,ADR 
BHT ,BHT 
DING,DING
SSA ,SSA 
KNL ,KNL 
RMN ,RMN 
FGSB,FGSB
BSPN,BSPN
KRLI,KRLI
GANL,GANL
NNGL,NNGL
MTPR,MTPR
AADR,AADR
BTG ,BTG 
RBK ,RBK 
KEG ,KEG 
AFR ,AFR 
SMBL,SMBL
NSU ,NSU 
BPZ ,BPZ 
RKSH,RKSH
VRH ,VRH 
GHGL,GHGL
QSR ,QSR 
PRI ,PRI 
IKK ,IKK 
MOTC,MOTC
GZN ,GZN 
MUD ,MUD 
TRS ,TRS 
KKHT,KKHT
SAA ,SAA 
BANE,BANE
BLT ,BLT 
BUT ,BUT 
UTL ,UTL 
BME ,BME 
KIP ,KIP 
BWL ,BWL 
HSI ,HSI 
BU  ,BU  
POK ,POK 
SKF ,SKF 
RMB ,RMB 
TLC ,TLC 
SUJH,SUJH
LAU ,LAU 
DIA ,DIA 
CTKT,CTKT
SOS ,SOS 
KLL ,KLL 
BJR ,BJR 
BLU ,BLU 
KLJ ,KLJ 
LHLL,LHLL
KHRK,KHRK
BMLL,BMLL
BNWC,BNWC
BRW ,BRW 
MKS ,MKS 
LKW ,LKW 
FKA ,FKA 
SID ,SID 
STSN,STSN
BTIC,BTIC
SGF ,SGF 
MBY ,MBY 
DABN,DABN
SGRA,SGRA
MNSR,MNSR
HMH ,HMH 
PGK ,PGK 
MHJ ,MHJ 
DHRR,DHRR
MBF ,MBF 
HDK ,HDK 
SANR,SANR
KHM ,KHM 
GKC ,GKC 
SRNT,SRNT
SDT ,SDT 
KER ,KER 
JTB ,JTB 
MHH ,MHH 
GTNR,GTNR
LC  ,LC  
SIPR,SIPR
KTRR,KTRR
PTRE,PTRE
GTM ,GTM 
HAR ,HAR 
BSZ ,BSZ 
RGU ,RGU 
ICL ,ICL 
SWC ,SWC 
MDB ,MDB 
AMS ,AMS 
TIM ,TIM 
SGBJ,SGBJ
BRUD,BRUD
KSX ,KSX 
BC  ,BC  
IZN ,IZN 
BPR ,BPR 
BHI ,BHI 
KHH ,KHH 
PBW ,PBW 
PEP ,PEP 
PPC ,PPC 
KMJ ,KMJ 
CHR ,CHR 
RTP ,RTP 
DHE ,DHE 
MFJ ,MFJ 
CBN ,CBN 
KMDR,KMDR
NDJ ,NDJ 
CHD ,CHD 
MND ,MND 
KCT ,KCT 
MJL ,MJL 
BRU ,BRU 
KZA ,KZA 
GH  ,GH  
TSF ,TSF 
MMB ,MMB 
BVN ,BVN 
SPC ,SPC 
PBE ,PBE 
PP  ,PP  
MLN ,MLN 
GK  ,GK  
LMP ,LMP 
STP ,STP 
DAL ,DAL 
ASH ,ASH 
MJZ ,MJZ 
KHMA,KHMA
CKK ,CKK 
BNSA,BNSA
TPU ,TPU 
PDR ,PDR 
BRK ,BRK 
RS  ,RS  
NNP ,NNP 
MIN ,MIN 
BIC ,BIC 
TQN ,TQN 
BXM ,BXM 
PLK ,PLK 
BIK ,BIK 
BRY ,BRY 
PSR ,PSR 
SKJ ,SKJ 
NNGE,NNGE
BXP ,BXP 
KXL ,KXL 
NCH ,NCH 
LXA ,LXA 
TSK ,TSK 
MJN ,MJN 
DBY ,DBY 
MRG ,MRG 
LEDO,LEDO
GLGT,GLGT
NMGY,NMGY
KUTI,KUTI
BLPR,BLPR
RNGG,RNGG
BBGN,BBGN
BLMR,BLMR
RWH ,RWH 
CMA ,CMA 
SRTN,SRTN
GVR ,GVR 
TNL ,TNL 
ULG ,ULG 
MJBT,MJBT
NMM ,NMM 
RPAN,RPAN
DKGN,DKGN
DKJR,DKJR
VNE ,VNE 
GPZ ,GPZ 
TBH ,TBH 
HMY ,HMY 
GMTO,GMTO
NHLN,NHLN
BDAG,BDAG
KAMG,KAMG
CLD ,CLD 
MVI ,MVI 
KKA ,KKA 
POT ,POT 
TBR ,TBR 
TKG ,TKG 
GAGA,GAGA
ADQ ,ADQ 
NAK ,NAK 
BORA,BORA
BZN ,BZN 
BSI ,BSI 
TPK ,TPK 
SPX ,SPX 
JPZ ,JPZ 
SCE ,SCE 
NGAN,NGAN
AONI,AONI
JKB ,JKB 
SHTT,SHTT
KOK ,KOK 
MKPR,MKPR
KSP ,KSP 
TLWA,TLWA
DMGN,DMGN
SQQ ,SQQ 
SBE ,SBE 
PBL ,PBL 
TIHU,TIHU
AVN ,AVN 
BID ,BID 
RMGM,RMGM
CPT ,CPT 
MAD ,MAD 
PANP,PANP
RECH,RECH
SRUR,SRUR
CJL ,CJL 
QRP ,QRP 
BZO ,BZO 
EKM ,EKM 
CTND,CTND
KAL ,KAL 
MMM ,MMM 
PBM ,PBM 
PML ,PML 
SDNR,SDNR
SVV ,SVV 
NZT ,NZT 
KZB ,KZB 
ANY ,ANY 
KZY ,KZY 
TCN ,TCN 
TLM ,TLM 
CBU ,CBU 
VI  ,VI  
PNDM,PNDM
KON ,KON 
NNN ,NNN 
AAY ,AAY 
VRLR,VRLR
ERL ,ERL 
KZT ,KZT 
NYY ,NYY 
CRY ,CRY 
KVU ,KVU 
PVU ,PVU 
PNQ ,PNQ 
GUV ,GUV 
PEM ,PEM 
KKPM,KKPM
TPTN,TPTN
NMJ ,NMJ 
MQ  ,MQ  
PRT ,PRT 
VDL ,VDL 
KTM ,KTM 
ADT ,ADT 
VLNK,VLNK
BAL ,BAL 
TP  ,TP  
KLT ,KLT 
PGR ,PGR 
KMD ,KMD 
UKL ,UKL 
IPL ,IPL 
NG  ,NG  
MWM ,MWM 
S   ,S   
KMSI,KMSI
CTA ,CTA 
TRB ,TRB 
PLI ,PLI 
JPM ,JPM 
TPE ,TPE 
KLPM,KLPM
TDN ,TDN 
PCV ,PCV 
KGD ,KGD 
DINR,DINR
PVRD,PVRD
ETM ,ETM 
CYN ,CYN 
MYY ,MYY 
MNTT,MNTT
STKT,STKT
PUK ,PUK 
TUA ,TUA 
VLI ,VLI 
PYOL,PYOL
PDD ,PDD 
KPQ ,KPQ 
MQO ,MQO 
PGTN,PGTN
TKQ ,TKQ 
BFR ,BFR 
KQK ,KQK 
KMQ ,KMQ 
VPZ ,VPZ 
CQA ,CQA 
AAM ,AAM 
PKQ ,PKQ 
MLTR,MLTR
TUV ,TUV 
VNB ,VNB 
NIL ,NIL 
RASP,RASP
NMKL,NMKL
PASA,PASA
SKLR,SKLR
SBHR,SBHR
KBPR,KBPR
BNTL,BNTL
YDM ,YDM 
DAVM,DAVM
KZTW,KZTW
PYD ,PYD 
ZB  ,ZB  
SHV ,SHV 
MYK ,MYK 
PCH ,PCH 
SVHE,SVHE
KGX ,KGX 
BNP ,BNP 
MRB ,MRB 
JOA ,JOA 
DRR ,DRR 
HLKT,HLKT
VAPM,VAPM
MQU ,MQU 
ELM ,ELM 
UAA ,UAA 
ULL ,ULL 
NPK ,NPK 
MPLM,MPLM
PLMD,PLMD
KN  ,KN  
MMH ,MMH 
APK ,APK 
KBM ,KBM 
TIU ,TIU 
PDU ,PDU 
AL  ,AL  
MED ,MED 
MXT ,MXT 
FM  ,FM  
BDVL,BDVL
TMX ,TMX 
HBLN,HBLN
SBBJ,SBBJ
MUGR,MUGR
BTPD,BTPD
TPY ,TPY 
CMW ,CMW 
GHPU,GHPU
PCZ ,PCZ 
OEA ,OEA 
RVKH,RVKH
AKE ,AKE 
MZL ,MZL 
BMO ,BMO 
PDKN,PDKN
NBR ,NBR 
RYP ,RYP 
KI  ,KI  
YP  ,YP  
BKL ,BKL 
GLA ,GLA 
KCC ,KCC 
SRGT,SRGT
BMH ,BMH 
NS  ,NS  
PKO ,PKO 
VVM ,VVM 
KCD ,KCD 
TLU ,TLU 
BEY ,BEY 
PDL ,PDL 
MKR ,MKR 
RGP ,RGP 
PQL ,PQL 
HSP ,HSP 
OPL ,OPL 
BGSF,BGSF
PTKP,PTKP
KOLR,KOLR
KYOP,KYOP
RGPM,RGPM
PPZ ,PPZ 
MMZ ,MMZ 
ASAF,ASAF
MKDI,MKDI
WIRR,WIRR
VHGN,VHGN
PRH ,PRH 
BMD ,BMD 
VMD ,VMD 
KVM ,KVM 
GVL ,GVL 
NUJ ,NUJ 
BVRM,BVRM
MDVL,MDVL
BYD ,BYD 
KJG ,KJG 
YLG ,YLG 
YPD ,YPD 
VDD ,VDD 
TGU ,TGU 
TNR ,TNR 
ANB ,ANB 
VTM ,VTM 
DIG ,DIG 
PVD ,PVD 
PBP ,PBP 
RAG ,RAG 
BHBK,BHBK
TSR ,TSR 
PMT ,PMT 
NKP ,NKP 
BSDP,BSDP
KUU ,KUU 
GNGD,GNGD
CLKA,CLKA
RBA ,RBA 
GAM ,GAM 
MMS ,MMS 
PUN ,PUN 
DUSI,DUSI
SGDM,SGDM
GVI ,GVI 
NPD ,NPD 
BVL ,BVL 
MPU ,MPU 
GWV ,GWV 
WDR ,WDR 
GPD ,GPD 
ANK ,ANK 
TR  ,TR  
PSD ,PSD 
KAJG,KAJG
POZ ,POZ 
DLB ,DLB 
MKDD,MKDD
BDU ,BDU 
KEK ,KEK 
DSPN,DSPN
BZR ,BZR 
PPO ,PPO 
KLG ,KLG 
KXN ,KXN 
TKRI,TKRI
LKMR,LKMR
DMNJ,DMNJ
KRPU,KRPU
JYP ,JYP 
JDB ,JDB 
PS  ,PS  
SKS ,SKS 
BQR ,BQR 
BIA ,BIA 
DBEC,DBEC
DNN ,DNN 
ORGA,ORGA
PKF ,PKF 
NKM ,NKM 
TIS ,TIS 
MOMU,MOMU
CHKE,CHKE
BAW ,BAW 
GTST,GTST
MHT ,MHT 
ROI ,ROI 
ANDN,ANDN
NTV ,NTV 
DRZ ,DRZ 
BXA ,BXA 
GDZ ,GDZ 
RSA ,RSA 
MXA ,MXA 
BLAX,BLAX
UDM ,UDM 
KDHA,KDHA
VRG ,VRG 
ADTL,ADTL
DDCE,DDCE
SNRR,SNRR
NWR ,NWR 
JLW ,JLW 
RPD ,RPD 
KKI ,KKI 
NRZB,NRZB
CLF ,CLF 
JTI ,JTI 
NIQ ,NIQ 
VKR ,VKR 
HRB ,HRB 
KOI ,KOI 
BHTK,BHTK
KGS ,KGS 
TGQ ,TGQ 
SLKR,SLKR
KLTR,KLTR
GTK ,GTK 
SNGP,SNGP
LMNR,LMNR
DWG ,DWG 
MZH ,MZH 
DRSN,DRSN
HRV ,HRV 
BATL,BATL
BRND,BRND
MDGR,MDGR
PRDL,PRDL
BJQ ,BJQ 
CHRM,CHRM
SMRR,SMRR
ISH ,ISH 
LDA ,LDA 
GW  ,GW  
ANA ,ANA 
KYX ,KYX 
GEA ,GEA 
SAO ,SAO 
BQQ ,BQQ 
HDU ,HDU 
VYK ,VYK 
LOA ,LOA 
GGT ,GGT 
BDWA,BDWA
SBRA,SBRA
HN  ,HN  
BAO ,BAO 
JMV ,JMV 
BCRD,BCRD
BXY ,BXY 
HRG ,HRG 
IKR ,IKR 
KUX ,KUX 
GNW ,GNW 
DRLA,DRLA
GUH ,GUH 
GAD ,GAD 
URGA,URGA
SRBA,SRBA
MWRN,MWRN
KTHD,KTHD
BPRH,BPRH
KPNA,KPNA
KTSH,KTSH
JRMG,JRMG
GTW ,GTW 
UKR ,UKR 
NPRD,NPRD
DTL ,DTL 
NGE ,NGE 
SPDR,SPDR
SJQ ,SJQ 
KJZ ,KJZ 
KLPG,KLPG
LJR ,LJR 
BMCK,BMCK
JUJA,JUJA
BAMR,BAMR
JON ,JON 
KYF ,KYF 
BSYA,BSYA
KNPS,KNPS
DNT ,DNT 
ARD ,ARD 
KIS ,KIS 
DJHR,DJHR
MMVR,MMVR
BSPX,BSPX
JRLI,JRLI
NYG ,NYG 
PRNR,PRNR
GADH,GADH
KDJR,KDJR
NANR,NANR
BSTP,BSTP
STBJ,STBJ
NKW ,NKW 
HCNR,HCNR
CLDR,CLDR
SGDP,SGDP
TGRL,TGRL
TMKA,TMKA
BGPL,BGPL
SKND,SKND
JKPR,JKPR
DJX ,DJX 
GRCP,GRCP
DPUR,DPUR
BWIP,BWIP
JNRD,JNRD
KTGA,KTGA
SKPI,SKPI
BLMK,BLMK
LLGM,LLGM
RUL ,RUL 
SGRM,SGRM
KKGM,KKGM
BGUA,BGUA
DMRT,DMRT
KPRR,KPRR
BTSR,BTSR
MRBL,MRBL
MNDH,MNDH
TUL ,TUL 
SSIA,SSIA
TRAN,TRAN
DGHR,DGHR
BSKH,BSKH
JAMA,JAMA
DUMK,DUMK
CUX ,CUX 
SNQ ,SNQ 
NDW ,NDW 
JAN ,JAN 
NDU ,NDU 
DMBR,DMBR
THA ,THA 
DNEA,DNEA
SLF ,SLF 
RJB ,RJB 
BTV ,BTV 
KRIH,KRIH
KNPR,KNPR
MRIJ,MRIJ
DMH ,DMH 
DHT ,DHT 
BHB ,BHB 
DPL ,DPL 
GTT ,GTT 
BDDR,BDDR
CVR ,CVR 
SAU ,SAU 
LTR ,LTR 
PDH ,PDH 
WTJ ,WTJ 
ALB ,ALB 
KNLS,KNLS
BHTA,BHTA
MTHP,MTHP
VVA ,VVA 
JALD,JALD
HM  ,HM  
UBR ,UBR 
BLD ,BLD 
UVD ,UVD 
KIM ,KIM 
KSB ,KSB 
PLJ ,PLJ 
MYG ,MYG 
KBRV,KBRV
BJD ,BJD 
MOL ,MOL 
DL  ,DL  
SMLA,SMLA
CPN ,CPN 
KRSA,KRSA
SAT ,SAT 
PPD ,PPD 
LMK ,LMK 
MAM ,MAM 
BIO ,BIO 
ANAS,ANAS
PCN ,PCN 
AGR ,AGR 
BOG ,BOG 
RTI ,RTI 
BILD,BILD
MRN ,MRN 
BOD ,BOD 
RNH ,RNH 
LNR ,LNR 
THUR,THUR
MKX ,MKX 
DARA,DARA
GQL ,GQL 
KPTN,KPTN
KPZ ,KPZ 
MLZ ,MLZ 
FSP ,FSP 
VGN ,VGN 
SJN ,SJN 
PAD ,PAD 
PAO ,PAO 
NIU ,NIU 
KTKL,KTKL
ISM ,ISM 
MGLP,MGLP
HP  ,HP  
SEU ,SEU 
DGI ,DGI 
SYN ,SYN 
VDA ,VDA 
RBS ,RBS 
FTS ,FTS 
KLB ,KLB 
SNC ,SNC 
POF ,POF 
HRN ,HRN 
JTU ,JTU 
AJ  ,AJ  
SIC ,SIC 
BDWL,BDWL
VJP ,VJP 
PIA ,PIA 
CNH ,CNH 
SAH ,SAH 
GVD ,GVD 
ITA ,ITA 
ABD ,ABD 
CE  ,CE  
JKA ,JKA 
GOP ,GOP 
BNVD,BNVD
SKR ,SKR 
RWO ,RWO 
SQR ,SQR 
KXH ,KXH 
BHRL,BHRL
BDHY,BDHY
VKA ,VKA 
GER ,GER 
CNDB,CNDB
KHDB,KHDB
NBH ,NBH 
JWO ,JWO 
MLG ,MLG 
PIP ,PIP 
DLD ,DLD 
DOD ,DOD 
MRT ,MRT 
SKA ,SKA 
GWA ,GWA 
NJT ,NJT 
CDA ,CDA 
LTD ,LTD 
KDMR,KDMR
CKD ,CKD 
TWB ,TWB 
NLI ,NLI 
SMP ,SMP 
GGR ,GGR 
HMG ,HMG 
SSR ,SSR 
SIM ,SIM 
SRPJ,SRPJ
NANA,NANA
MOI ,MOI 
JAL ,JAL 
KTR ,KTR 
MDJN,MDJN
BDW ,BDW 
JHJ ,JHJ 
KLE ,KLE 
KRCD,KRCD
ZW  ,ZW  
JYM ,JYM 
DNRP,DNRP
HMT ,HMT 
SDGM,SDGM
ASV ,ASV 
ADIJ,ADIJ
SAC ,SAC 
MLAR,MLAR
GOA ,GOA 
SONI,SONI
BIX ,BIX 
HGL ,HGL 
BBTR,BBTR
KSWR,KSWR
RCD ,RCD 
ADL ,ADL 
HUK ,HUK 
KLYT,KLYT
KHTU,KHTU
BDY ,BDY 
MONR,MONR
API ,API 
ODC ,ODC 
CHPT,CHPT
PLNI,PLNI
PRDP,PRDP
RHMA,RHMA
RCTC,RCTC
RCG ,RCG 
NASP,NASP
GUG ,GUG 
PIT ,PIT 
SDS ,SDS 
SBM ,SBM 
ANPR,ANPR
RMF ,RMF 
ARGD,ARGD
TELO,TELO
SMPA,SMPA
DTVL,DTVL
NIIJ,NIIJ
TPND,TPND
NVRD,NVRD
KLMG,KLMG
SMNE,SMNE
RSYI,RSYI
APTA,APTA
JITE,JITE
HMRR,HMRR
PEN ,PEN 
KASU,KASU
NGTN,NGTN
KOL ,KOL 
INP ,INP 
GNO ,GNO 
SAPE,SAPE
KFD ,KFD 
VINH,VINH
DWV ,DWV 
ANO ,ANO 
KMAH,KMAH
UKC ,UKC 
BOKE,BOKE
NIDI,NIDI
NIV ,NIV 
ZARP,ZARP
ULNR,ULNR
ABH ,ABH 
BUD ,BUD 
KMST,KMST
DAPD,DAPD
AKRD,AKRD
VDN ,VDN 
LHN ,LHN 
MNL ,MNL 
SGND,SGND
VPR ,VPR 
RRI ,RRI 
HDP ,HDP 
MJBK,MJBK
LONI,LONI
YT  ,YT  
KTT ,KTT 
KDTN,KDTN
PAA ,PAA 
KSTH,KSTH
BWD ,BWD 
RNJD,RNJD
SRL ,SRL 
AKR ,AKR 
VL  ,VL  
VBR ,VBR 
TKMY,TKMY
PDGN,PDGN
NPW ,NPW 
CIT ,CIT 
KNGN,KNGN
SNVR,SNVR
CTH ,CTH 
KMV ,KMV 
SVD ,SVD 
KODI,KODI
RNE ,RNE 
PDG ,PDG 
UPR ,UPR 
SCO ,SCO 
DGPP,DGPP
DAV ,DAV 
PG  ,PG  
PIZ ,PIZ 
MQL ,MQL 
CRU ,CRU 
LBG ,LBG 
WNG ,WNG 
PARD,PARD
MGC ,MGC 
SVN ,SVN 
SLGH,SLGH
BLSA,BLSA
SQE ,SQE 
FKB ,FKB 
NVT ,NVT 
JKM ,JKM 
SNGR,SNGR
PKNS,PKNS
DNDI,DNDI
WDN ,WDN 
UKH ,UKH 
GTU ,GTU 
MRTY,MRTY
KRPR,KRPR
WDLN,WDLN
OSA ,OSA 
MRX ,MRX 
DKY ,DKY 
KMRD,KMRD
YSI ,YSI 
PJR ,PJR 
SEI ,SEI 
LAUL,LAUL
BALE,BALE
PK  ,PK  
MVE ,MVE 
MKPT,MKPT
AAG ,AAG 
WKA ,WKA 
WDS ,WDS 
DHS ,DHS 
BLNI,BLNI
PPJ ,PPJ 
WSB ,WSB 
PRWD,PRWD
JNTR,JNTR
MLM ,MLM 
BRB ,BRB 
SSF ,SSF 
KFH ,KFH 
BRMT,BRMT
MDRR,MDRR
PTWA,PTWA
PKRD,PKRD
BUU ,BUU 
LGCE,LGCE
KMA ,KMA 
HNM ,HNM 
BGHI,BGHI
TZR ,TZR 
MRWS,MRWS
FLD ,FLD 
GGO ,GGO 
KBK ,KBK 
DOHM,DOHM
DJKR,DJKR
KUTL,KUTL
CBG ,CBG 
LSG ,LSG 
KXA ,KXA 
KDL ,KDL 
BJN ,BJN 
TMGN,TMGN
SML ,SML 
DMP ,DMP 
KMTI,KMTI
BOF ,BOF 
SOL ,SOL 
SLR ,SLR 
KDZ ,KDZ 
SGS ,SGS 
TVI ,TVI 
JTO ,JTO 
SHZ ,SHZ 
KEJ ,KEJ 
KANO,KANO
TSL ,TSL 
GMM ,GMM 
KOTI,KOTI
JBL ,JBL 
SWO ,SWO 
SBY ,SBY 
DJ  ,DJ  
GHUM,GHUM
SAD ,SAD 
TUNG,TUNG
KGN ,KGN 
DJRZ,DJRZ
SN  ,SN  
RTG ,RTG 
TDH ,TDH 
GBE ,GBE 
SGUD,SGUD
MHN ,MHN 
KGND,KGND
LOD ,LOD 
FTD ,FTD 
AJN ,AJN 
PLA ,PLA 
INDM,INDM
LKMN,LKMN
RJQ ,RJQ 
RAU ,RAU 
HKH ,HKH 
MHOW,MHOW
PTP ,PTP 
KKD ,KKD 
CRL ,CRL 
MKT ,MKT 
BWW ,BWW 
OM  ,OM  
SWD ,SWD 
NKR ,NKR 
KTKH,KTKH
ATR ,ATR 
ANI ,ANI 
MRDD,MRDD
JRWN,JRWN
GUX ,GUX 
AMX ,AMX 
RNU ,RNU 
TTZ ,TTZ 
DBKA,DBKA
DGT ,DGT 
WND ,WND 
HKR ,HKR 
ABZ ,ABZ 
AKOT,AKOT
PTZ ,PTZ 
UGWE,UGWE
TAKL,TAKL
BSAE,BSAE
TBAE,TBAE
KJU ,KJU 
DMLE,DMLE
KMAE,KMAE
JIT ,JIT 
BGAE,BGAE
SOAE,SOAE
BHLA,BHLA
GPAE,GPAE
BGRA,BGRA
DTAE,DTAE
SMAE,SMAE
PSAE,PSAE
LCAE,LCAE
ACLE,ACLE
MPLR,MPLR
MGLE,MGLE
GALE,GALE
AHN ,AHN 
SPLE,SPLE
SXP ,SXP 
CMX ,CMX 
JMQ ,JMQ 
GZM ,GZM 
TIT ,TIT 
JTL ,JTL 
BPS ,BPS 
NRX ,NRX 
PCQ ,PCQ 
KPLE,KPLE
BSLE,BSLE
GHLE,GHLE
MYM ,MYM 
ADST,ADST
MUG ,MUG 
TLO ,TLO 
KHN ,KHN 
PDA ,PDA 
BCQ ,BCQ 
SLS ,SLS 
MNC ,MNC 
JRW ,JRW 
KBQ ,KBQ 
LHB ,LHB 
DPX ,DPX 
BLY ,BLY 
KRP ,KRP 
PRTL,PRTL
SBNM,SBNM
SGV ,SGV 
BFT ,BFT 
PCX ,PCX 
SVH ,SVH 
MGM ,MGM 
DHU ,DHU 
BDZ ,BDZ 
THP ,THP 
BIJ ,BIJ 
PDX ,PDX 
CDH ,CDH 
SMX ,SMX 
MPJ ,MPJ 
KYI ,KYI 
KPA ,KPA 
HLR ,HLR 
SEP ,SEP 
BLH ,BLH 
KLNP,KLNP
BPD ,BPD 
SRJN,SRJN
NBPH,NBPH
MAHO,MAHO
JBG ,JBG 
UCH ,UCH 
PKRA,PKRA
DAN ,DAN 
DUN ,DUN 
DAM ,DAM 
SAR ,SAR 
DLP ,DLP 
KGF ,KGF 
GGB ,GGB 
DS  ,DS  
KFPR,KFPR
KIV ,KIV 
HKP ,HKP 
LDP ,LDP 
RGB ,RGB 
PRKE,PRKE
SSKA,SSKA
GTF ,GTF 
JRJ ,JRJ 
KD  ,KD  
MCV ,MCV 
BBO ,BBO 
KHE ,KHE 
PYG ,PYG 
DHRJ,DHRJ
DNX ,DNX 
BXC ,BXC 
UKN ,UKN 
JPS ,JPS 
GRN ,GRN 
BSS ,BSS 
HMI ,HMI 
KUP ,KUP 
GILL,GILL
LDW ,LDW 
CEU ,CEU 
SRX ,SRX 
HMR ,HMR 
DIW ,DIW 
BTR ,BTR 
TRA ,TRA 
MOW ,MOW 
CRW ,CRW 
BVZ ,BVZ 
SWNI,SWNI
JUP ,JUP 
LSE ,LSE 
NJM ,NJM 
GSW ,GSW 
BWB ,BWB 
PTRL,PTRL
BMK ,BMK 
LGB ,LGB 
NAWN,NAWN
DBI ,DBI 
AMPR,AMPR
RMH ,RMH 
RJS ,RJS 
AS  ,AS  
MLC ,MLC 
NTZ ,NTZ 
DLC ,DLC 
BMNL,BMNL
JDL ,JDL 
JMS ,JMS 
KNSR,KNSR
BWX ,BWX 
KRSH,KRSH
FSR ,FSR 
PKK ,PKK 
BFE ,BFE 
UMS ,UMS 
PAE ,PAE 
SPO ,SPO 
CLO ,CLO 
SBLJ,SBLJ
ALAI,ALAI
BWS ,BWS 
KJW ,KJW 
DSL ,DSL 
MCPE,MCPE
JOM ,JOM 
KXG ,KXG 
UMED,UMED
SWF ,SWF 
KSW ,KSW 
AAS ,AAS 
JWL ,JWL 
BNO ,BNO 
SZ  ,SZ  
HWT ,HWT 
RT  ,RT  
PRDH,PRDH
KAI ,KAI 
BOM ,BOM 
RKZ ,RKZ 
SHRD,SHRD
EN  ,EN  
PN  ,PN  
JUL ,JUL 
DNW ,DNW 
UMN ,UMN 
JDN ,JDN 
BHU ,BHU 
UAR ,UAR 
KMLI,KMLI
DRW ,DRW 
UM  ,UM  
KRJD,KRJD
CTT ,CTT 
JTY ,JTY 
IQG ,IQG 
SZA ,SZA 
MAA ,MAA 
MXO ,MXO 
KWI ,KWI 
BMN ,BMN 
BNS ,BNS 
KVJ ,KVJ 
BRLY,BRLY
KZQ ,KZQ 
BGPR,BGPR
BWA ,BWA 
BGG ,BGG 
AUWA,AUWA
DRS ,DRS 
BFY ,BFY 
BQN ,BQN 
BGX ,BGX 
CNL ,CNL 
GRI ,GRI 
BAR ,BAR 
APA ,APA 
PPF ,PPF 
KRW ,KRW 
LNA ,LNA 
MLI ,MLI 
MKRA,MKRA
SDH ,SDH 
DOZ ,DOZ 
LR  ,LR  
GEK ,GEK 
SALI,SALI
SK  ,SK  
DTRA,DTRA
DHND,DHND
BOBS,BOBS
SHNX,SHNX
DNK ,DNK 
KHD ,KHD 
SUW ,SUW 
BVB ,BVB 
SUMR,SUMR
PAI ,PAI 
KIKA,KIKA
MDVK,MDVK
SRKI,SRKI
GVB ,GVB 
ORR ,ORR 
SHDR,SHDR
PGA ,PGA 
MUGA,MUGA
SYL ,SYL 
ATRU,ATRU
POR ,POR 
CJW ,CJW 
BJK ,BJK 
BON ,BON 
DXD ,DXD 
CDSL,CDSL
AMLI,AMLI
RWJ ,RWJ 
DPZ ,DPZ 
SURL,SURL
SRAS,SRAS
CHNN,CHNN
CKS ,CKS 
SAS ,SAS 
SNGN,SNGN
BDYK,BDYK
GA  ,GA  
GVMR,GVMR
NYK ,NYK 
THMR,THMR
BOW ,BOW 
BSRL,BSRL
JACN,JACN
JAC ,JAC 
KQW ,KQW 
KWP ,KWP 
KUT ,KUT 
BAI ,BAI 
JHIR,JHIR
BSKO,BSKO
JW  ,JW  
BAK ,BAK 
KVGM,KVGM
ARNA,ARNA
GLNA,GLNA
SRRG,SRRG
DGW ,DGW 
MWW ,MWW 
PSL ,PSL 
AIA ,AIA 
KGBS,KGBS
JTS ,JTS 
KSI ,KSI 
SDRA,SDRA
JRL ,JRL 
MHU ,MHU 
JKZ ,JKZ 
BALR,BALR
AHLR,AHLR
NRA ,NRA 
TTI ,TTI 
PPH ,PPH 
MHO ,MHO 
RJI ,RJI 
KDQ ,KDQ 
PHV ,PHV 
SWS ,SWS 
NBP ,NBP 
PHI ,PHI 
TKC ,TKC 
PNB ,PNB 
TTLA,TTLA
KKET,KKET
BRHU,BRHU
AJRE,AJRE
DML ,DML 
TGE ,TGE 
LPN ,LPN 
JGJN,JGJN
DHRY,DHRY
HWX ,HWX 
LKG ,LKG 
PKB ,PKB 
HLG ,HLG 
ONR ,ONR 
WEL ,WEL 
AVK ,AVK 
KXT ,KXT 
LOV ,LOV 
UAM ,UAM 
CMNR,CMNR
NTW ,NTW 
KDO ,KDO 
AP  ,AP  
NHY ,NHY 
BDRL,BDRL
Y   ,Y   
HNK ,HNK 
TCL ,TCL 
KSM ,KSM 
BSM ,BSM 
GDP ,GDP 
MAR ,MAR 
PU  ,PU  
SKPT,SKPT
VLT ,VLT 
PTT ,PTT 
PAM ,PAM 
KEN ,KEN 
CGI ,CGI 
SET ,SET 
HJL ,HJL 
NYH ,NYH 
NLPD,NLPD
PRCA,PRCA
PPM ,PPM 
NDPU,NDPU
STUR,STUR
MUK ,MUK 
SAB ,SAB 
VLE ,VLE 
SYM ,SYM 
CEM ,CEM 
GKM ,GKM 
POO ,POO 
GJJ ,GJJ 
JBK ,JBK 
SDV ,SDV 
GMA ,GMA 
KSTE,KSTE
DMT ,DMT 
CMZ ,CMZ 
GZL ,GZL 
PNM ,PNM 
KEF ,KEF 
RGM ,RGM 
MLK ,MLK 
MYL ,MYL 
LMD ,LMD 
EDD ,EDD 
TGL ,TGL 
MLGT,MLGT
BLL ,BLL 
BNL ,BNL 
VP  ,VP  
HGI ,HGI 
HDD ,HDD 
KDN ,KDN 
DAJ ,DAJ 
PKL ,PKL 
KGW ,KGW 
GIN ,GIN 
GNR ,GNR 
BYC ,BYC 
CSDR,CSDR
ORH ,ORH 
MKL ,MKL 
TDV ,TDV 
SMWA,SMWA
VWA ,VWA 
DPE ,DPE 
MLU ,MLU 
CPL ,CPL 
NRYP,NRYP
KTCR,KTCR
BSPL,BSPL
CCA ,CCA 
PSPY,PSPY
TAC ,TAC 
GDE ,GDE 
PMD ,PMD 
RRJ ,RRJ 
TKPY,TKPY
PLU ,PLU 
NKDO,NKDO
NAND,NAND
INJ ,INJ 
SEN ,SEN 
SHMI,SHMI
CTTP,CTTP
MANK,MANK
HAA ,HAA 
AT  ,AT  
LOL ,LOL 
BLLI,BLLI
VELI,VELI
KXP ,KXP 
PGZ ,PGZ 
AMY ,AMY 
EVA ,EVA 
KFI ,KFI 
IRP ,IRP 
KLQ ,KLQ 
CTPE,CTPE
KUV ,KUV 
KFV ,KFV 
EKN ,EKN 
KKZ ,KKZ 
KIF ,KIF 
AVS ,AVS 
PUU ,PUU 
BRAM,BRAM
NRK ,NRK 
TKWD,TKWD
MVD ,MVD 
MGL ,MGL 
LKY ,LKY 
LKT ,LKT 
HBS ,HBS 
KUG ,KUG 
UNK ,UNK 
AGL ,AGL 
NVU ,NVU 
AMC ,AMC 
BAHI,BAHI
DBL ,DBL 
KIAT,KIAT
THKU,THKU
GBB ,GBB 
RDG ,RDG 
SLM ,SLM 
AJP ,AJP 
RGI ,RGI 
HLK ,HLK 
KAG ,KAG 
CLI ,CLI 
DAD ,DAD 
KVS ,KVS 
SVNR,SVNR
GDI ,GDI 
SNH ,SNH 
KNO ,KNO 
AYB ,AYB 
KTK ,KTK 
CHRG,CHRG
PDNR,PDNR
SLGE,SLGE
AHD ,AHD 
TLT ,TLT 
NGS ,NGS 
BOT ,BOT 
KUI ,KUI 
HHD ,HHD 
SVG ,SVG 
HQR ,HQR 
MR  ,MR  
MVH ,MVH 
RMY ,RMY 
MWY ,MWY 
GDQ ,GDQ 
CTF ,CTF 
GGD ,GGD 
RPK ,RPK 
NPL ,NPL 
HFZ ,HFZ 
DYE ,DYE 
SFX ,SFX 
RKO ,RKO 
AMQ ,AMQ 
CVB ,CVB 
ALW ,ALW 
BOZ ,BOZ 
KQD ,KQD 
PCU ,PCU 
UNDI,UNDI
VND ,VND 
KLDI,KLDI
MIPM,MIPM
OTR ,OTR 
YLK ,YLK 
NDZ ,NDZ 
KQA ,KQA 
MBL ,MBL 
VKT ,VKT 
NLS ,NLS 
PGU ,PGU 
KJJ ,KJJ 
TMC ,TMC 
AXR ,AXR 
SVPM,SVPM
TTU ,TTU 
UPD ,UPD 
SDM ,SDM 
KRV ,KRV 
RPRL,RPRL
UGD ,UGD 
KVDU,KVDU
KPLL,KPLL
JAQ ,JAQ 
IPPM,IPPM
SPF ,SPF 
APL ,APL 
MCVM,MCVM
MDKU,MDKU
KLX ,KLX 
CLVR,CLVR
MBD ,MBD 
GWM ,GWM 
PAVP,PAVP
TOU ,TOU 
VRVL,VRVL
VAT ,VAT 
DEL ,DEL 
STPT,STPT
PUA ,PUA 
KKRM,KKRM
CEL ,CEL 
VGT ,VGT 
BPY ,BPY 
NBM ,NBM 
MRPL,MRPL
BMGM,BMGM
CU  ,CU  
PSDA,PSDA
KSVM,KSVM
BBPM,BBPM
PBD ,PBD 
GDPT,GDPT
KAQ ,KAQ 
LKDU,LKDU
SGKM,SGKM
PAGM,PAGM
DGDG,DGDG
RVD ,RVD 
HVM ,HVM 
GLU ,GLU 
REG ,REG 
BVM ,BVM 
KSK ,KSK 
THY ,THY 
PDT ,PDT 
KPL ,KPL 
ALM ,ALM 
KUK ,KUK 
GRBL,GRBL
GPI ,GPI 
KMX ,KMX 
DNV ,DNV 
SNM ,SNM 
NSX ,NSX 
GMDA,GMDA
KNRT,KNRT
JMPT,JMPT
TKBN,TKBN
JKO ,JKO 
VML ,VML 
JUR ,JUR 
KMQA,KMQA
CLPE,CLPE
VRN ,VRN 
RLL ,RLL 
MUM ,MUM 
KMH ,KMH 
YGD ,YGD 
GPY ,GPY 
KPU ,KPU 
KNLP,KNLP
BKPT,BKPT
VNM ,VNM 
MMPL,MMPL
HAQ ,HAQ 
RPL ,RPL 
ANE ,ANE 
SF  ,SF  
BLPE,BLPE
MRM ,MRM 
DQR ,DQR 
YKA ,YKA 
HPG ,HPG 
NSVP,NSVP
KOTT,KOTT
BRGL,BRGL
BABR,BABR
RRGA,RRGA
RJAP,RJAP
GLY ,GLY 
DTP ,DTP 
YNG ,YNG 
MHBT,MHBT
MQN ,MQN 
KTKA,KTKA
DKC ,DKC 
KQQ ,KQQ 
KXI ,KXI 
KONN,KONN
AJK ,AJK 
ARPL,ARPL
PDO ,PDO 
PDNA,PDNA
IKI ,IKI 
MOA ,MOA 
ALPR,ALPR
VDI ,VDI 
DCU ,DCU 
PCL ,PCL 
VLD ,VLD 
KBA ,KBA 
TAT ,TAT 
TKU ,TKU 
NCU ,NCU 
KCM ,KCM 
MGB ,MGB 
CCI ,CCI 
KDT ,KDT 
VPL ,VPL 
GPU ,GPU 
SSPD,SSPD
MRF ,MRF 
KOHR,KOHR
KCP ,KCP 
KTKR,KTKR
HER ,HER 
AMBR,AMBR
NGHW,NGHW
CKX ,CKX 
GDPL,GDPL
DBV ,DBV 
MOB ,MOB 
BMPL,BMPL
ME  ,ME  
SHAN,SHAN
RAL ,RAL 
POA ,POA 
BQU ,BQU 
PUMU,PUMU
VMU ,VMU 
ZPI ,ZPI 
CIV ,CIV 
VJA ,VJA 
SRPM,SRPM
PKPU,PKPU
BMKD,BMKD
GT  ,GT  
WP  ,WP  
CLE ,CLE 
YGL ,YGL 
INK ,INK 
TAA ,TAA 
GUU ,GUU 
GLE ,GLE 
PGP ,PGP 
AWM ,AWM 
MMPR,MMPR
VLG ,VLG 
SRMR,SRMR
TPPI,TPPI
PDGL,PDGL
TMLU,TMLU
REM ,REM 
GPDE,GPDE
LIN ,LIN 
MDPD,MDPD
BDPL,BDPL
SJL ,SJL 
AKU ,AKU 
BVA ,BVA 
FLR ,FLR 
BCK ,BCK 
PBA ,PBA 
RSG ,RSG 
SRJM,SRJM
IBL ,IBL 
MYX ,MYX 
GRB ,GRB 
BGA ,BGA 
KSU ,KSU 
CHRA,CHRA
TAO ,TAO 
KTD ,KTD 
URMA,URMA
BRMD,BRMD
NIM ,NIM 
MIK ,MIK 
KZU ,KZU 
MMV ,MMV 
BRM ,BRM 
SNKR,SNKR
RUI ,RUI 
SBW ,SBW 
TLE ,TLE 
JNN ,JNN 
TKB ,TKB 
BRBS,BRBS
LPH ,LPH 
TUX ,TUX 
DRWN,DRWN
PST ,PST 
BUL ,BUL 
SXN ,SXN 
SOGR,SOGR
TGM ,TGM 
DIH ,DIH 
PNPL,PNPL
DTV ,DTV 
IB  ,IB  
HGR ,HGR 
DAO ,DAO 
JMG ,JMG 
KRL ,KRL 
KDTR,KDTR
BEF ,BEF 
ROB ,ROB 
JDI ,JDI 
CHBT,CHBT
NPI ,NPI 
BKTH,BKTH
MDH ,MDH 
WRC ,WRC 
KMI ,KMI 
MUA ,MUA 
JTR ,JTR 
PJB ,PJB 
BTL ,BTL 
DKS ,DKS 
GDM ,GDM 
GJ  ,GJ  
KWN ,KWN 
MNU ,MNU 
KHAT,KHAT
RRL ,RRL 
TAR ,TAR 
CHCR,CHCR
KNHN,KNHN
KAV ,KAV 
SAL ,SAL 
MUP ,MUP 
SRWN,SRWN
URK ,URK 
DGS ,DGS 
DPH ,DPH 
SGRD,SGRD
MVW ,MVW 
LVK ,LVK 
SUP ,SUP 
BDVR,BDVR
SLPM,SLPM
TXD ,TXD 
CMDP,CMDP
BGHU,BGHU
KVLS,KVLS
SMLG,SMLG
ARK ,ARK 
GPJ ,GPJ 
DPC ,DPC 
PFU ,PFU 
BHJA,BHJA
MKRD,MKRD
PBV ,PBV 
SUKU,SUKU
MVF ,MVF 
JRT ,JRT 
MVG ,MVG 
CTS ,CTS 
DIR ,DIR 
KDPA,KDPA
CJS ,CJS 
AGB ,AGB 
AGZ ,AGZ 
NKX ,NKX 
KMEZ,KMEZ
TPQ ,TPQ 
BDXX,BDXX
DMK ,DMK 
SZY ,SZY 
KMSD,KMSD
KKLU,KKLU
KWGN,KWGN
DBF ,DBF 
GIZ ,GIZ 
DWZ ,DWZ 
KMLR,KMLR
BHNS,BHNS
BCHL,BCHL
KRDL,KRDL
SZB ,SZB 
LAE ,LAE 
ANMD,ANMD
BLSN,BLSN
ARN ,ARN 
BMKJ,BMKJ
KMK ,KMK 
LKNA,LKNA
TRKR,TRKR
RNBT,RNBT
KDLR,KDLR
DKLU,DKLU
LDX ,LDX 
GTLM,GTLM
LIG ,LIG 
ULA ,ULA 
KFP ,KFP 
MPML,MPML
BMC ,BMC 
GELA,GELA
DVH ,DVH 
RMO ,RMO 
SASR,SASR
BDHT,BDHT
LDE ,LDE 
PSK ,PSK 
SZH ,SZH 
KLOD,KLOD
SONR,SONR
PSX ,PSX 
KPKD,KPKD
KRDH,KRDH
PQA ,PQA 
PTS ,PTS 
TKLB,TKLB
MGVK,MGVK
BRKH,BRKH
UIH ,UIH 
JLY ,JLY 
MQQ ,MQQ 
KRBO,KRBO
KPDH,KPDH
SMSR,SMSR
PED ,PED 
SEY ,SEY 
BHV ,BHV 
KWB ,KWB 
PUE ,PUE 
KLZ ,KLZ 
TPNI,TPNI
VNK ,VNK 
DRPH,DRPH
KDHI,KDHI
SOY ,SOY 
CRE ,CRE 
JPV ,JPV 
GRG ,GRG 
DPW ,DPW 
TTW ,TTW 
CGLA,CGLA
GDU ,GDU 
PNJ ,PNJ 
JONR,JONR
NDNI,NDNI
CHM ,CHM 
USD ,USD 
CPD ,CPD 
KBH ,KBH 
TISI,TISI
RNL ,RNL 
VKH ,VKH 
VRD ,VRD 
SNSL,SNSL
HOL ,HOL 
NDN ,NDN 
BEW ,BEW 
PDP ,PDP 
BRTK,BRTK
TKHE,TKHE
BHNE,BHNE
CHLK,CHLK
PLD ,PLD 
BDI ,BDI 
NOL ,NOL 
BGMR,BGMR
GGAR,GGAR
TBV ,TBV 
MGRL,MGRL
KRAI,KRAI
LTV ,LTV 
KKRD,KKRD
DSD ,DSD 
LKKD,LKKD
BBAI,BBAI
KFF ,KFF 
KHTG,KHTG
DWD ,DWD 
CUE ,CUE 
BHET,BHET
VDH ,VDH 
ACL ,ACL 
KEB ,KEB 
KLV ,KLV 
BJUD,BJUD
KDI ,KDI 
DXR ,DXR 
RA  ,RA  
VD  ,VD  
AXA ,AXA 
SDD ,SDD 
KNKT,KNKT
KHC ,KHC 
KHDI,KHDI
CX  ,CX  
LKBL,LKBL
PPLI,PPLI
MDPR,MDPR
SYQ ,SYQ 
VQD ,VQD 
BHTL,BHTL
MGTD,MGTD
BPKA,BPKA
KRGA,KRGA
OKD ,OKD 
GRJA,GRJA
BRDA,BRDA
BMRN,BMRN
WKRC,WKRC
MD  ,MD  
BQE ,BQE 
PUD ,PUD 
PNWN,PNWN
BKTL,BKTL
JBX ,JBX 
CKOD,CKOD
MQE ,MQE 
BLX ,BLX 
KONY,KONY
PUO ,PUO 
SVT ,SVT 
TJP ,TJP 
PLW ,PLW 
NKI ,NKI 
ASL ,ASL 
PSO ,PSO 
PPG ,PPG 
BTSD,BTSD
BRNA,BRNA
RCJ ,RCJ 
MSO ,MSO 
BKA ,BKA 
PRKD,PRKD
KRTH,KRTH
TAKU,TAKU
SAHL,SAHL
KQE ,KQE 
DOH ,DOH 
MJY ,MJY 
MALK,MALK
BYS ,BYS 
LLD ,LLD 
BQM ,BQM 
MKDN,MKDN
PCLI,PCLI
BRDH,BRDH
BJG ,BJG 
VTN ,VTN 
BAGD,BAGD
ATUL,ATUL
JRS ,JRS 
URN ,URN 
KSE ,KSE 
GTX ,GTX 
KDSD,KDSD
HAT ,HAT 
VRE ,VRE 
BJW ,BJW 
RNO ,RNO 
NDR ,NDR 
ADD ,ADD 
VXD ,VXD 
UTD ,UTD 
GTE ,GTE 
NEP ,NEP 
KANJ,KANJ
VTA ,VTA 
BYR ,BYR 
SNJL,SNJL
CVJ ,CVJ 
LKD ,LKD 
KSPR,KSPR
VRM ,VRM 
MPR ,MPR 
GNST,GNST
GGM ,GGM 
WSE ,WSE 
VCN ,VCN 
VNRD,VNRD
KHRS,KHRS
SR  ,SR  
LPR ,LPR 
BLRD,BLRD
CJR ,CJR 
LMC ,LMC 
LXR ,LXR 
BLWR,BLWR
DDV ,DDV 
ALNI,ALNI
RDT ,RDT 
KIW ,KIW 
DKRA,DKRA
KRLS,KRLS
BRLA,BRLA
MDLM,MDLM
KCNR,KCNR
SDPN,SDPN
HKL ,HKL 
JMKL,JMKL
BIWK,BIWK
GRF ,GRF 
PSLI,PSLI
URML,URML
JNRI,JNRI
SNAR,SNAR
ARE ,ARE 
GKB ,GKB 
LBN ,LBN 
KTA ,KTA 
RNT ,RNT 
MXL ,MXL 
NMD ,NMD 
LRU ,LRU 
COO ,COO 
PDZ ,PDZ 
KNDP,KNDP
DY  ,DY  
BAMA,BAMA
BR  ,BR  
NGLT,NGLT
BIQ ,BIQ 
DXK ,DXK 
AED ,AED 
SNPR,SNPR
MIQ ,MIQ 
PTLI,PTLI
BLO ,BLO 
DHR ,DHR 
IDGH,IDGH
BLNR,BLNR
BBY ,BBY 
RAKL,RAKL
NNE ,NNE 
SCN ,SCN 
AXK ,AXK 
CRKR,CRKR
BAHL,BAHL
SDUA,SDUA
ANT ,ANT 
PJGM,PJGM
ATPA,ATPA
KAPE,KAPE
PMPE,PMPE
SINA,SINA
